2026-07-31 21:16:37,777 watchdog started, watching PID 26988
2026-07-31 21:17:52,452 watchdog started, watching PID 19532
2026-07-31 21:18:53,632 watchdog started, watching PID 15000
2026-07-31 21:19:07,249 watchdog started, watching PID 20024
2026-07-31 21:25:03,301 watchdog started, watching PID 25976
2026-07-31 21:26:17,992 watchdog started, watching PID 25304
2026-07-31 21:27:44,203 watchdog started, watching PID 24416
2026-07-31 21:28:58,102 watchdog started, watching PID 5968
2026-07-31 21:29:09,278 watchdog started, watching PID 22268
2026-07-31 22:03:11,261 watchdog started, watching PID 35164
2026-07-31 22:03:12,193 Starting new HTTP connection (1): localhost:8000
2026-07-31 22:07:44,359 Starting new HTTP connection (1): localhost:8000
2026-07-31 22:07:44,473 http://localhost:8000 "GET /jobs/health-check-dummy HTTP/1.1" 404 26
2026-07-31 22:08:40,689 watchdog started, watching PID 19904
2026-07-31 22:08:41,684 Starting new HTTP connection (1): localhost:8000
2026-07-31 22:09:06,612 Starting new HTTP connection (1): localhost:8000
2026-07-31 22:09:06,654 http://localhost:8000 "GET /jobs/health-check-dummy HTTP/1.1" 404 26
2026-07-31 22:09:08,603 Starting new HTTP connection (1): localhost:8000
2026-07-31 22:09:08,664 http://localhost:8000 "POST /jobs HTTP/1.1" 201 293
2026-07-31 22:09:09,667 Starting new HTTP connection (1): localhost:8000
2026-07-31 22:09:09,679 http://localhost:8000 "GET /jobs/6bb7c534-d53c-48c6-bc79-12e58394518a HTTP/1.1" 200 293
2026-07-31 22:09:10,683 Starting new HTTP connection (1): localhost:8000
2026-07-31 22:09:10,691 http://localhost:8000 "GET /jobs/6bb7c534-d53c-48c6-bc79-12e58394518a HTTP/1.1" 200 293
2026-07-31 22:09:11,693 Starting new HTTP connection (1): localhost:8000
2026-07-31 22:09:11,702 http://localhost:8000 "GET /jobs/6bb7c534-d53c-48c6-bc79-12e58394518a HTTP/1.1" 200 293
2026-07-31 22:09:12,704 Starting new HTTP connection (1): localhost:8000
2026-07-31 22:09:12,713 http://localhost:8000 "GET /jobs/6bb7c534-d53c-48c6-bc79-12e58394518a HTTP/1.1" 200 293
2026-07-31 22:09:13,714 Starting new HTTP connection (1): localhost:8000
2026-07-31 22:09:13,725 http://localhost:8000 "GET /jobs/6bb7c534-d53c-48c6-bc79-12e58394518a HTTP/1.1" 200 328
2026-07-31 22:09:14,726 Starting new HTTP connection (1): localhost:8000
2026-07-31 22:09:14,729 http://localhost:8000 "GET /jobs/6bb7c534-d53c-48c6-bc79-12e58394518a HTTP/1.1" 200 328
2026-07-31 22:09:15,735 Starting new HTTP connection (1): localhost:8000
2026-07-31 22:09:15,747 http://localhost:8000 "GET /jobs/6bb7c534-d53c-48c6-bc79-12e58394518a HTTP/1.1" 200 328
2026-07-31 22:09:16,748 Starting new HTTP connection (1): localhost:8000
2026-07-31 22:09:16,756 http://localhost:8000 "GET /jobs/6bb7c534-d53c-48c6-bc79-12e58394518a HTTP/1.1" 200 328
2026-07-31 22:09:17,758 Starting new HTTP connection (1): localhost:8000
2026-07-31 22:09:17,761 http://localhost:8000 "GET /jobs/6bb7c534-d53c-48c6-bc79-12e58394518a HTTP/1.1" 200 328
2026-07-31 22:09:18,769 Starting new HTTP connection (1): localhost:8000
2026-07-31 22:09:18,785 http://localhost:8000 "GET /jobs/6bb7c534-d53c-48c6-bc79-12e58394518a HTTP/1.1" 200 328
2026-07-31 22:09:19,787 Starting new HTTP connection (1): localhost:8000
2026-07-31 22:09:19,802 http://localhost:8000 "GET /jobs/6bb7c534-d53c-48c6-bc79-12e58394518a HTTP/1.1" 200 328
2026-07-31 22:09:20,804 Starting new HTTP connection (1): localhost:8000
2026-07-31 22:09:20,812 http://localhost:8000 "GET /jobs/6bb7c534-d53c-48c6-bc79-12e58394518a HTTP/1.1" 200 328
2026-07-31 22:09:21,814 Starting new HTTP connection (1): localhost:8000
2026-07-31 22:09:21,827 http://localhost:8000 "GET /jobs/6bb7c534-d53c-48c6-bc79-12e58394518a HTTP/1.1" 200 328
2026-07-31 22:09:22,827 Starting new HTTP connection (1): localhost:8000
2026-07-31 22:09:22,836 http://localhost:8000 "GET /jobs/6bb7c534-d53c-48c6-bc79-12e58394518a HTTP/1.1" 200 328
2026-07-31 22:09:23,839 Starting new HTTP connection (1): localhost:8000
2026-07-31 22:09:23,850 http://localhost:8000 "GET /jobs/6bb7c534-d53c-48c6-bc79-12e58394518a HTTP/1.1" 200 348
2026-07-31 22:09:24,851 Starting new HTTP connection (1): localhost:8000
2026-07-31 22:09:24,859 http://localhost:8000 "GET /jobs/6bb7c534-d53c-48c6-bc79-12e58394518a HTTP/1.1" 200 348
2026-07-31 22:09:25,865 Starting new HTTP connection (1): localhost:8000
2026-07-31 22:09:25,874 http://localhost:8000 "GET /jobs/6bb7c534-d53c-48c6-bc79-12e58394518a HTTP/1.1" 200 348
2026-07-31 22:09:26,876 Starting new HTTP connection (1): localhost:8000
2026-07-31 22:09:26,887 http://localhost:8000 "GET /jobs/6bb7c534-d53c-48c6-bc79-12e58394518a HTTP/1.1" 200 348
2026-07-31 22:09:27,890 Starting new HTTP connection (1): localhost:8000
2026-07-31 22:09:27,906 http://localhost:8000 "GET /jobs/6bb7c534-d53c-48c6-bc79-12e58394518a HTTP/1.1" 200 348
2026-07-31 22:09:28,908 Starting new HTTP connection (1): localhost:8000
2026-07-31 22:09:28,919 http://localhost:8000 "GET /jobs/6bb7c534-d53c-48c6-bc79-12e58394518a HTTP/1.1" 200 348
2026-07-31 22:09:29,922 Starting new HTTP connection (1): localhost:8000
2026-07-31 22:09:29,932 http://localhost:8000 "GET /jobs/6bb7c534-d53c-48c6-bc79-12e58394518a HTTP/1.1" 200 348
2026-07-31 22:09:30,934 Starting new HTTP connection (1): localhost:8000
2026-07-31 22:09:30,949 http://localhost:8000 "GET /jobs/6bb7c534-d53c-48c6-bc79-12e58394518a HTTP/1.1" 200 348
2026-07-31 22:09:31,950 Starting new HTTP connection (1): localhost:8000
2026-07-31 22:09:31,959 http://localhost:8000 "GET /jobs/6bb7c534-d53c-48c6-bc79-12e58394518a HTTP/1.1" 200 348
2026-07-31 22:09:32,961 Starting new HTTP connection (1): localhost:8000
2026-07-31 22:09:32,972 http://localhost:8000 "GET /jobs/6bb7c534-d53c-48c6-bc79-12e58394518a HTTP/1.1" 200 348
2026-07-31 22:09:33,975 Starting new HTTP connection (1): localhost:8000
2026-07-31 22:09:33,986 http://localhost:8000 "GET /jobs/6bb7c534-d53c-48c6-bc79-12e58394518a HTTP/1.1" 200 348
2026-07-31 22:09:34,989 Starting new HTTP connection (1): localhost:8000
2026-07-31 22:09:35,012 http://localhost:8000 "GET /jobs/6bb7c534-d53c-48c6-bc79-12e58394518a HTTP/1.1" 200 348
2026-07-31 22:09:36,015 Starting new HTTP connection (1): localhost:8000
2026-07-31 22:09:36,027 http://localhost:8000 "GET /jobs/6bb7c534-d53c-48c6-bc79-12e58394518a HTTP/1.1" 200 348
2026-07-31 22:09:37,031 Starting new HTTP connection (1): localhost:8000
2026-07-31 22:09:37,045 http://localhost:8000 "GET /jobs/6bb7c534-d53c-48c6-bc79-12e58394518a HTTP/1.1" 200 348
2026-07-31 22:09:38,048 Starting new HTTP connection (1): localhost:8000
2026-07-31 22:09:38,063 http://localhost:8000 "GET /jobs/6bb7c534-d53c-48c6-bc79-12e58394518a HTTP/1.1" 200 348
2026-07-31 22:09:39,067 Starting new HTTP connection (1): localhost:8000
2026-07-31 22:09:39,080 http://localhost:8000 "GET /jobs/6bb7c534-d53c-48c6-bc79-12e58394518a HTTP/1.1" 200 348
2026-07-31 22:09:40,084 Starting new HTTP connection (1): localhost:8000
2026-07-31 22:09:40,093 http://localhost:8000 "GET /jobs/6bb7c534-d53c-48c6-bc79-12e58394518a HTTP/1.1" 200 348
2026-07-31 22:09:41,097 Starting new HTTP connection (1): localhost:8000
2026-07-31 22:09:41,108 http://localhost:8000 "GET /jobs/6bb7c534-d53c-48c6-bc79-12e58394518a HTTP/1.1" 200 348
2026-07-31 22:09:42,111 Starting new HTTP connection (1): localhost:8000
2026-07-31 22:09:42,122 http://localhost:8000 "GET /jobs/6bb7c534-d53c-48c6-bc79-12e58394518a HTTP/1.1" 200 348
2026-07-31 22:09:43,125 Starting new HTTP connection (1): localhost:8000
2026-07-31 22:09:43,135 http://localhost:8000 "GET /jobs/6bb7c534-d53c-48c6-bc79-12e58394518a HTTP/1.1" 200 348
2026-07-31 22:09:44,137 Starting new HTTP connection (1): localhost:8000
2026-07-31 22:09:44,148 http://localhost:8000 "GET /jobs/6bb7c534-d53c-48c6-bc79-12e58394518a HTTP/1.1" 200 348
2026-07-31 22:09:45,150 Starting new HTTP connection (1): localhost:8000
2026-07-31 22:09:45,159 http://localhost:8000 "GET /jobs/6bb7c534-d53c-48c6-bc79-12e58394518a HTTP/1.1" 200 348
2026-07-31 22:09:46,162 Starting new HTTP connection (1): localhost:8000
2026-07-31 22:09:46,172 http://localhost:8000 "GET /jobs/6bb7c534-d53c-48c6-bc79-12e58394518a HTTP/1.1" 200 348
2026-07-31 22:09:47,176 Starting new HTTP connection (1): localhost:8000
2026-07-31 22:09:47,187 http://localhost:8000 "GET /jobs/6bb7c534-d53c-48c6-bc79-12e58394518a HTTP/1.1" 200 348
2026-07-31 22:09:48,189 Starting new HTTP connection (1): localhost:8000
2026-07-31 22:09:48,208 http://localhost:8000 "GET /jobs/6bb7c534-d53c-48c6-bc79-12e58394518a HTTP/1.1" 200 348
2026-07-31 22:09:49,209 Starting new HTTP connection (1): localhost:8000
2026-07-31 22:09:49,219 http://localhost:8000 "GET /jobs/6bb7c534-d53c-48c6-bc79-12e58394518a HTTP/1.1" 200 348
2026-07-31 22:09:50,222 Starting new HTTP connection (1): localhost:8000
2026-07-31 22:09:50,232 http://localhost:8000 "GET /jobs/6bb7c534-d53c-48c6-bc79-12e58394518a HTTP/1.1" 200 348
2026-07-31 22:09:51,236 Starting new HTTP connection (1): localhost:8000
2026-07-31 22:09:51,247 http://localhost:8000 "GET /jobs/6bb7c534-d53c-48c6-bc79-12e58394518a HTTP/1.1" 200 348
2026-07-31 22:09:52,250 Starting new HTTP connection (1): localhost:8000
2026-07-31 22:09:52,259 http://localhost:8000 "GET /jobs/6bb7c534-d53c-48c6-bc79-12e58394518a HTTP/1.1" 200 348
2026-07-31 22:09:53,262 Starting new HTTP connection (1): localhost:8000
2026-07-31 22:09:53,273 http://localhost:8000 "GET /jobs/6bb7c534-d53c-48c6-bc79-12e58394518a HTTP/1.1" 200 348
2026-07-31 22:09:54,276 Starting new HTTP connection (1): localhost:8000
2026-07-31 22:09:54,287 http://localhost:8000 "GET /jobs/6bb7c534-d53c-48c6-bc79-12e58394518a HTTP/1.1" 200 348
2026-07-31 22:09:55,290 Starting new HTTP connection (1): localhost:8000
2026-07-31 22:09:55,302 http://localhost:8000 "GET /jobs/6bb7c534-d53c-48c6-bc79-12e58394518a HTTP/1.1" 200 348
2026-07-31 22:09:56,304 Starting new HTTP connection (1): localhost:8000
2026-07-31 22:09:56,316 http://localhost:8000 "GET /jobs/6bb7c534-d53c-48c6-bc79-12e58394518a HTTP/1.1" 200 348
2026-07-31 22:09:57,319 Starting new HTTP connection (1): localhost:8000
2026-07-31 22:09:57,333 http://localhost:8000 "GET /jobs/6bb7c534-d53c-48c6-bc79-12e58394518a HTTP/1.1" 200 348
2026-07-31 22:09:58,335 Starting new HTTP connection (1): localhost:8000
2026-07-31 22:09:58,344 http://localhost:8000 "GET /jobs/6bb7c534-d53c-48c6-bc79-12e58394518a HTTP/1.1" 200 348
2026-07-31 22:09:59,346 Starting new HTTP connection (1): localhost:8000
2026-07-31 22:09:59,358 http://localhost:8000 "GET /jobs/6bb7c534-d53c-48c6-bc79-12e58394518a HTTP/1.1" 200 348
2026-07-31 22:10:00,361 Starting new HTTP connection (1): localhost:8000
2026-07-31 22:10:00,372 http://localhost:8000 "GET /jobs/6bb7c534-d53c-48c6-bc79-12e58394518a HTTP/1.1" 200 348
2026-07-31 22:10:01,376 Starting new HTTP connection (1): localhost:8000
2026-07-31 22:10:01,384 http://localhost:8000 "GET /jobs/6bb7c534-d53c-48c6-bc79-12e58394518a HTTP/1.1" 200 348
2026-07-31 22:10:02,387 Starting new HTTP connection (1): localhost:8000
2026-07-31 22:10:02,400 http://localhost:8000 "GET /jobs/6bb7c534-d53c-48c6-bc79-12e58394518a HTTP/1.1" 200 348
2026-07-31 22:10:03,402 Starting new HTTP connection (1): localhost:8000
2026-07-31 22:10:03,411 http://localhost:8000 "GET /jobs/6bb7c534-d53c-48c6-bc79-12e58394518a HTTP/1.1" 200 348
2026-07-31 22:10:04,413 Starting new HTTP connection (1): localhost:8000
2026-07-31 22:10:04,452 http://localhost:8000 "GET /jobs/6bb7c534-d53c-48c6-bc79-12e58394518a HTTP/1.1" 200 348
2026-07-31 22:10:05,454 Starting new HTTP connection (1): localhost:8000
2026-07-31 22:10:05,464 http://localhost:8000 "GET /jobs/6bb7c534-d53c-48c6-bc79-12e58394518a HTTP/1.1" 200 348
2026-07-31 22:10:06,466 Starting new HTTP connection (1): localhost:8000
2026-07-31 22:10:06,478 http://localhost:8000 "GET /jobs/6bb7c534-d53c-48c6-bc79-12e58394518a HTTP/1.1" 200 348
2026-07-31 22:10:07,479 Starting new HTTP connection (1): localhost:8000
2026-07-31 22:10:07,494 http://localhost:8000 "GET /jobs/6bb7c534-d53c-48c6-bc79-12e58394518a HTTP/1.1" 200 348
2026-07-31 22:10:08,496 Starting new HTTP connection (1): localhost:8000
2026-07-31 22:10:08,508 http://localhost:8000 "GET /jobs/6bb7c534-d53c-48c6-bc79-12e58394518a HTTP/1.1" 200 348
2026-07-31 22:10:09,510 Starting new HTTP connection (1): localhost:8000
2026-07-31 22:10:09,520 http://localhost:8000 "GET /jobs/6bb7c534-d53c-48c6-bc79-12e58394518a HTTP/1.1" 200 348
2026-07-31 22:10:10,523 Starting new HTTP connection (1): localhost:8000
2026-07-31 22:10:10,533 http://localhost:8000 "GET /jobs/6bb7c534-d53c-48c6-bc79-12e58394518a HTTP/1.1" 200 348
2026-07-31 22:10:11,536 Starting new HTTP connection (1): localhost:8000
2026-07-31 22:10:11,545 http://localhost:8000 "GET /jobs/6bb7c534-d53c-48c6-bc79-12e58394518a HTTP/1.1" 200 348
2026-07-31 22:10:12,546 Starting new HTTP connection (1): localhost:8000
2026-07-31 22:10:12,558 http://localhost:8000 "GET /jobs/6bb7c534-d53c-48c6-bc79-12e58394518a HTTP/1.1" 200 348
2026-07-31 22:10:13,560 Starting new HTTP connection (1): localhost:8000
2026-07-31 22:10:13,569 http://localhost:8000 "GET /jobs/6bb7c534-d53c-48c6-bc79-12e58394518a HTTP/1.1" 200 348
2026-07-31 22:10:14,571 Starting new HTTP connection (1): localhost:8000
2026-07-31 22:10:14,582 http://localhost:8000 "GET /jobs/6bb7c534-d53c-48c6-bc79-12e58394518a HTTP/1.1" 200 348
2026-07-31 22:10:15,584 Starting new HTTP connection (1): localhost:8000
2026-07-31 22:10:15,590 http://localhost:8000 "GET /jobs/6bb7c534-d53c-48c6-bc79-12e58394518a HTTP/1.1" 200 348
2026-07-31 22:10:16,593 Starting new HTTP connection (1): localhost:8000
2026-07-31 22:10:16,602 http://localhost:8000 "GET /jobs/6bb7c534-d53c-48c6-bc79-12e58394518a HTTP/1.1" 200 348
2026-07-31 22:10:17,605 Starting new HTTP connection (1): localhost:8000
2026-07-31 22:10:17,615 http://localhost:8000 "GET /jobs/6bb7c534-d53c-48c6-bc79-12e58394518a HTTP/1.1" 200 348
2026-07-31 22:10:18,619 Starting new HTTP connection (1): localhost:8000
2026-07-31 22:10:18,631 http://localhost:8000 "GET /jobs/6bb7c534-d53c-48c6-bc79-12e58394518a HTTP/1.1" 200 348
2026-07-31 22:10:19,634 Starting new HTTP connection (1): localhost:8000
2026-07-31 22:10:19,648 http://localhost:8000 "GET /jobs/6bb7c534-d53c-48c6-bc79-12e58394518a HTTP/1.1" 200 348
2026-07-31 22:10:20,650 Starting new HTTP connection (1): localhost:8000
2026-07-31 22:10:20,660 http://localhost:8000 "GET /jobs/6bb7c534-d53c-48c6-bc79-12e58394518a HTTP/1.1" 200 348
2026-07-31 22:10:21,664 Starting new HTTP connection (1): localhost:8000
2026-07-31 22:10:21,680 http://localhost:8000 "GET /jobs/6bb7c534-d53c-48c6-bc79-12e58394518a HTTP/1.1" 200 348
2026-07-31 22:10:22,683 Starting new HTTP connection (1): localhost:8000
2026-07-31 22:10:22,694 http://localhost:8000 "GET /jobs/6bb7c534-d53c-48c6-bc79-12e58394518a HTTP/1.1" 200 348
2026-07-31 22:10:23,697 Starting new HTTP connection (1): localhost:8000
2026-07-31 22:10:23,708 http://localhost:8000 "GET /jobs/6bb7c534-d53c-48c6-bc79-12e58394518a HTTP/1.1" 200 348
2026-07-31 22:10:24,711 Starting new HTTP connection (1): localhost:8000
2026-07-31 22:10:24,720 http://localhost:8000 "GET /jobs/6bb7c534-d53c-48c6-bc79-12e58394518a HTTP/1.1" 200 348
2026-07-31 22:10:25,722 Starting new HTTP connection (1): localhost:8000
2026-07-31 22:10:25,735 http://localhost:8000 "GET /jobs/6bb7c534-d53c-48c6-bc79-12e58394518a HTTP/1.1" 200 348
2026-07-31 22:10:26,738 Starting new HTTP connection (1): localhost:8000
2026-07-31 22:10:26,753 http://localhost:8000 "GET /jobs/6bb7c534-d53c-48c6-bc79-12e58394518a HTTP/1.1" 200 348
2026-07-31 22:10:27,755 Starting new HTTP connection (1): localhost:8000
2026-07-31 22:10:27,771 http://localhost:8000 "GET /jobs/6bb7c534-d53c-48c6-bc79-12e58394518a HTTP/1.1" 200 348
2026-07-31 22:10:28,773 Starting new HTTP connection (1): localhost:8000
2026-07-31 22:10:28,783 http://localhost:8000 "GET /jobs/6bb7c534-d53c-48c6-bc79-12e58394518a HTTP/1.1" 200 348
2026-07-31 22:10:29,786 Starting new HTTP connection (1): localhost:8000
2026-07-31 22:10:29,795 http://localhost:8000 "GET /jobs/6bb7c534-d53c-48c6-bc79-12e58394518a HTTP/1.1" 200 348
2026-07-31 22:10:30,798 Starting new HTTP connection (1): localhost:8000
2026-07-31 22:10:30,808 http://localhost:8000 "GET /jobs/6bb7c534-d53c-48c6-bc79-12e58394518a HTTP/1.1" 200 348
2026-07-31 22:10:31,810 Starting new HTTP connection (1): localhost:8000
2026-07-31 22:10:31,821 http://localhost:8000 "GET /jobs/6bb7c534-d53c-48c6-bc79-12e58394518a HTTP/1.1" 200 348
2026-07-31 22:10:32,824 Starting new HTTP connection (1): localhost:8000
2026-07-31 22:10:32,837 http://localhost:8000 "GET /jobs/6bb7c534-d53c-48c6-bc79-12e58394518a HTTP/1.1" 200 348
2026-07-31 22:10:33,841 Starting new HTTP connection (1): localhost:8000
2026-07-31 22:10:33,853 http://localhost:8000 "GET /jobs/6bb7c534-d53c-48c6-bc79-12e58394518a HTTP/1.1" 200 348
2026-07-31 22:10:34,856 Starting new HTTP connection (1): localhost:8000
2026-07-31 22:10:34,865 http://localhost:8000 "GET /jobs/6bb7c534-d53c-48c6-bc79-12e58394518a HTTP/1.1" 200 348
2026-07-31 22:10:35,867 Starting new HTTP connection (1): localhost:8000
2026-07-31 22:10:35,876 http://localhost:8000 "GET /jobs/6bb7c534-d53c-48c6-bc79-12e58394518a HTTP/1.1" 200 348
2026-07-31 22:10:36,878 Starting new HTTP connection (1): localhost:8000
2026-07-31 22:10:36,888 http://localhost:8000 "GET /jobs/6bb7c534-d53c-48c6-bc79-12e58394518a HTTP/1.1" 200 348
2026-07-31 22:10:37,891 Starting new HTTP connection (1): localhost:8000
2026-07-31 22:10:37,901 http://localhost:8000 "GET /jobs/6bb7c534-d53c-48c6-bc79-12e58394518a HTTP/1.1" 200 348
2026-07-31 22:10:38,903 Starting new HTTP connection (1): localhost:8000
2026-07-31 22:10:38,915 http://localhost:8000 "GET /jobs/6bb7c534-d53c-48c6-bc79-12e58394518a HTTP/1.1" 200 348
2026-07-31 22:10:39,918 Starting new HTTP connection (1): localhost:8000
2026-07-31 22:10:39,931 http://localhost:8000 "GET /jobs/6bb7c534-d53c-48c6-bc79-12e58394518a HTTP/1.1" 200 348
2026-07-31 22:10:40,934 Starting new HTTP connection (1): localhost:8000
2026-07-31 22:10:40,944 http://localhost:8000 "GET /jobs/6bb7c534-d53c-48c6-bc79-12e58394518a HTTP/1.1" 200 348
2026-07-31 22:10:41,946 Starting new HTTP connection (1): localhost:8000
2026-07-31 22:10:41,956 http://localhost:8000 "GET /jobs/6bb7c534-d53c-48c6-bc79-12e58394518a HTTP/1.1" 200 348
2026-07-31 22:10:42,960 Starting new HTTP connection (1): localhost:8000
2026-07-31 22:10:42,969 http://localhost:8000 "GET /jobs/6bb7c534-d53c-48c6-bc79-12e58394518a HTTP/1.1" 200 348
2026-07-31 22:10:43,973 Starting new HTTP connection (1): localhost:8000
2026-07-31 22:10:43,983 http://localhost:8000 "GET /jobs/6bb7c534-d53c-48c6-bc79-12e58394518a HTTP/1.1" 200 348
2026-07-31 22:10:44,984 Starting new HTTP connection (1): localhost:8000
2026-07-31 22:10:44,994 http://localhost:8000 "GET /jobs/6bb7c534-d53c-48c6-bc79-12e58394518a HTTP/1.1" 200 348
2026-07-31 22:10:45,997 Starting new HTTP connection (1): localhost:8000
2026-07-31 22:10:46,008 http://localhost:8000 "GET /jobs/6bb7c534-d53c-48c6-bc79-12e58394518a HTTP/1.1" 200 348
2026-07-31 22:10:47,010 Starting new HTTP connection (1): localhost:8000
2026-07-31 22:10:47,021 http://localhost:8000 "GET /jobs/6bb7c534-d53c-48c6-bc79-12e58394518a HTTP/1.1" 200 348
2026-07-31 22:10:48,024 Starting new HTTP connection (1): localhost:8000
2026-07-31 22:10:48,033 http://localhost:8000 "GET /jobs/6bb7c534-d53c-48c6-bc79-12e58394518a HTTP/1.1" 200 348
2026-07-31 22:10:49,036 Starting new HTTP connection (1): localhost:8000
2026-07-31 22:10:49,046 http://localhost:8000 "GET /jobs/6bb7c534-d53c-48c6-bc79-12e58394518a HTTP/1.1" 200 348
2026-07-31 22:10:50,049 Starting new HTTP connection (1): localhost:8000
2026-07-31 22:10:50,058 http://localhost:8000 "GET /jobs/6bb7c534-d53c-48c6-bc79-12e58394518a HTTP/1.1" 200 348
2026-07-31 22:10:51,060 Starting new HTTP connection (1): localhost:8000
2026-07-31 22:10:51,068 http://localhost:8000 "GET /jobs/6bb7c534-d53c-48c6-bc79-12e58394518a HTTP/1.1" 200 348
2026-07-31 22:10:52,071 Starting new HTTP connection (1): localhost:8000
2026-07-31 22:10:52,084 http://localhost:8000 "GET /jobs/6bb7c534-d53c-48c6-bc79-12e58394518a HTTP/1.1" 200 348
2026-07-31 22:10:53,087 Starting new HTTP connection (1): localhost:8000
2026-07-31 22:10:53,097 http://localhost:8000 "GET /jobs/6bb7c534-d53c-48c6-bc79-12e58394518a HTTP/1.1" 200 348
2026-07-31 22:10:54,099 Starting new HTTP connection (1): localhost:8000
2026-07-31 22:10:54,107 http://localhost:8000 "GET /jobs/6bb7c534-d53c-48c6-bc79-12e58394518a HTTP/1.1" 200 348
2026-07-31 22:10:55,110 Starting new HTTP connection (1): localhost:8000
2026-07-31 22:10:55,120 http://localhost:8000 "GET /jobs/6bb7c534-d53c-48c6-bc79-12e58394518a HTTP/1.1" 200 348
2026-07-31 22:10:56,123 Starting new HTTP connection (1): localhost:8000
2026-07-31 22:10:56,195 http://localhost:8000 "GET /jobs/6bb7c534-d53c-48c6-bc79-12e58394518a HTTP/1.1" 200 348
2026-07-31 22:10:57,198 Starting new HTTP connection (1): localhost:8000
2026-07-31 22:10:57,211 http://localhost:8000 "GET /jobs/6bb7c534-d53c-48c6-bc79-12e58394518a HTTP/1.1" 200 348
2026-07-31 22:10:58,213 Starting new HTTP connection (1): localhost:8000
2026-07-31 22:10:58,224 http://localhost:8000 "GET /jobs/6bb7c534-d53c-48c6-bc79-12e58394518a HTTP/1.1" 200 348
2026-07-31 22:10:59,227 Starting new HTTP connection (1): localhost:8000
2026-07-31 22:10:59,236 http://localhost:8000 "GET /jobs/6bb7c534-d53c-48c6-bc79-12e58394518a HTTP/1.1" 200 348
2026-07-31 22:11:00,238 Starting new HTTP connection (1): localhost:8000
2026-07-31 22:11:00,247 http://localhost:8000 "GET /jobs/6bb7c534-d53c-48c6-bc79-12e58394518a HTTP/1.1" 200 348
2026-07-31 22:11:01,249 Starting new HTTP connection (1): localhost:8000
2026-07-31 22:11:01,258 http://localhost:8000 "GET /jobs/6bb7c534-d53c-48c6-bc79-12e58394518a HTTP/1.1" 200 348
2026-07-31 22:11:02,261 Starting new HTTP connection (1): localhost:8000
2026-07-31 22:11:02,317 http://localhost:8000 "GET /jobs/6bb7c534-d53c-48c6-bc79-12e58394518a HTTP/1.1" 200 348
2026-07-31 22:11:03,319 Starting new HTTP connection (1): localhost:8000
2026-07-31 22:11:03,324 http://localhost:8000 "GET /jobs/6bb7c534-d53c-48c6-bc79-12e58394518a HTTP/1.1" 200 348
2026-07-31 22:11:04,327 Starting new HTTP connection (1): localhost:8000
2026-07-31 22:11:04,415 http://localhost:8000 "GET /jobs/6bb7c534-d53c-48c6-bc79-12e58394518a HTTP/1.1" 200 348
2026-07-31 22:11:05,417 Starting new HTTP connection (1): localhost:8000
2026-07-31 22:11:05,423 http://localhost:8000 "GET /jobs/6bb7c534-d53c-48c6-bc79-12e58394518a HTTP/1.1" 200 348
2026-07-31 22:11:06,425 Starting new HTTP connection (1): localhost:8000
2026-07-31 22:11:06,512 http://localhost:8000 "GET /jobs/6bb7c534-d53c-48c6-bc79-12e58394518a HTTP/1.1" 200 348
2026-07-31 22:11:07,514 Starting new HTTP connection (1): localhost:8000
2026-07-31 22:11:07,522 http://localhost:8000 "GET /jobs/6bb7c534-d53c-48c6-bc79-12e58394518a HTTP/1.1" 200 348
2026-07-31 22:11:08,524 Starting new HTTP connection (1): localhost:8000
2026-07-31 22:11:08,532 http://localhost:8000 "GET /jobs/6bb7c534-d53c-48c6-bc79-12e58394518a HTTP/1.1" 200 348
2026-07-31 22:11:09,533 Starting new HTTP connection (1): localhost:8000
2026-07-31 22:11:09,540 http://localhost:8000 "GET /jobs/6bb7c534-d53c-48c6-bc79-12e58394518a HTTP/1.1" 200 348
2026-07-31 22:11:10,542 Starting new HTTP connection (1): localhost:8000
2026-07-31 22:11:10,553 http://localhost:8000 "GET /jobs/6bb7c534-d53c-48c6-bc79-12e58394518a HTTP/1.1" 200 348
2026-07-31 22:11:11,557 Starting new HTTP connection (1): localhost:8000
2026-07-31 22:18:01,959 Starting new HTTP connection (1): localhost:8000
2026-07-31 22:18:03,116 watchdog started, watching PID 22500
2026-07-31 22:18:28,540 Starting new HTTP connection (1): localhost:8000
2026-07-31 22:18:28,569 http://localhost:8000 "GET /jobs/health-check-dummy HTTP/1.1" 404 26
2026-07-31 22:18:36,388 Starting new HTTP connection (1): localhost:8000
2026-07-31 22:18:36,442 http://localhost:8000 "POST /jobs HTTP/1.1" 201 293
2026-07-31 22:18:37,446 Starting new HTTP connection (1): localhost:8000
2026-07-31 22:18:37,457 http://localhost:8000 "GET /jobs/dd601362-39b9-4505-b475-04cf6a542738 HTTP/1.1" 200 293
2026-07-31 22:18:38,462 Starting new HTTP connection (1): localhost:8000
2026-07-31 22:18:38,470 http://localhost:8000 "GET /jobs/dd601362-39b9-4505-b475-04cf6a542738 HTTP/1.1" 200 328
2026-07-31 22:18:39,476 Starting new HTTP connection (1): localhost:8000
2026-07-31 22:18:39,484 http://localhost:8000 "GET /jobs/dd601362-39b9-4505-b475-04cf6a542738 HTTP/1.1" 200 328
2026-07-31 22:18:40,490 Starting new HTTP connection (1): localhost:8000
2026-07-31 22:18:40,498 http://localhost:8000 "GET /jobs/dd601362-39b9-4505-b475-04cf6a542738 HTTP/1.1" 200 328
2026-07-31 22:18:41,505 Starting new HTTP connection (1): localhost:8000
2026-07-31 22:18:41,525 http://localhost:8000 "GET /jobs/dd601362-39b9-4505-b475-04cf6a542738 HTTP/1.1" 200 328
2026-07-31 22:18:42,531 Starting new HTTP connection (1): localhost:8000
2026-07-31 22:18:42,540 http://localhost:8000 "GET /jobs/dd601362-39b9-4505-b475-04cf6a542738 HTTP/1.1" 200 328
2026-07-31 22:18:43,546 Starting new HTTP connection (1): localhost:8000
2026-07-31 22:18:43,558 http://localhost:8000 "GET /jobs/dd601362-39b9-4505-b475-04cf6a542738 HTTP/1.1" 200 328
2026-07-31 22:18:44,562 Starting new HTTP connection (1): localhost:8000
2026-07-31 22:18:44,570 http://localhost:8000 "GET /jobs/dd601362-39b9-4505-b475-04cf6a542738 HTTP/1.1" 200 328
2026-07-31 22:18:45,575 Starting new HTTP connection (1): localhost:8000
2026-07-31 22:18:45,582 http://localhost:8000 "GET /jobs/dd601362-39b9-4505-b475-04cf6a542738 HTTP/1.1" 200 328
2026-07-31 22:18:46,587 Starting new HTTP connection (1): localhost:8000
2026-07-31 22:18:46,595 http://localhost:8000 "GET /jobs/dd601362-39b9-4505-b475-04cf6a542738 HTTP/1.1" 200 328
2026-07-31 22:18:47,600 Starting new HTTP connection (1): localhost:8000
2026-07-31 22:18:47,609 http://localhost:8000 "GET /jobs/dd601362-39b9-4505-b475-04cf6a542738 HTTP/1.1" 200 348
2026-07-31 22:18:48,614 Starting new HTTP connection (1): localhost:8000
2026-07-31 22:18:48,622 http://localhost:8000 "GET /jobs/dd601362-39b9-4505-b475-04cf6a542738 HTTP/1.1" 200 348
2026-07-31 22:18:49,624 Starting new HTTP connection (1): localhost:8000
2026-07-31 22:18:49,631 http://localhost:8000 "GET /jobs/dd601362-39b9-4505-b475-04cf6a542738 HTTP/1.1" 200 348
2026-07-31 22:18:50,639 Starting new HTTP connection (1): localhost:8000
2026-07-31 22:18:50,647 http://localhost:8000 "GET /jobs/dd601362-39b9-4505-b475-04cf6a542738 HTTP/1.1" 200 348
2026-07-31 22:18:51,653 Starting new HTTP connection (1): localhost:8000
2026-07-31 22:18:51,662 http://localhost:8000 "GET /jobs/dd601362-39b9-4505-b475-04cf6a542738 HTTP/1.1" 200 348
2026-07-31 22:18:52,667 Starting new HTTP connection (1): localhost:8000
2026-07-31 22:18:52,678 http://localhost:8000 "GET /jobs/dd601362-39b9-4505-b475-04cf6a542738 HTTP/1.1" 200 348
2026-07-31 22:18:53,683 Starting new HTTP connection (1): localhost:8000
2026-07-31 22:18:53,694 http://localhost:8000 "GET /jobs/dd601362-39b9-4505-b475-04cf6a542738 HTTP/1.1" 200 348
2026-07-31 22:18:54,699 Starting new HTTP connection (1): localhost:8000
2026-07-31 22:18:54,710 http://localhost:8000 "GET /jobs/dd601362-39b9-4505-b475-04cf6a542738 HTTP/1.1" 200 348
2026-07-31 22:18:55,714 Starting new HTTP connection (1): localhost:8000
2026-07-31 22:18:55,722 http://localhost:8000 "GET /jobs/dd601362-39b9-4505-b475-04cf6a542738 HTTP/1.1" 200 348
2026-07-31 22:18:56,727 Starting new HTTP connection (1): localhost:8000
2026-07-31 22:18:56,735 http://localhost:8000 "GET /jobs/dd601362-39b9-4505-b475-04cf6a542738 HTTP/1.1" 200 348
2026-07-31 22:18:57,741 Starting new HTTP connection (1): localhost:8000
2026-07-31 22:18:57,750 http://localhost:8000 "GET /jobs/dd601362-39b9-4505-b475-04cf6a542738 HTTP/1.1" 200 348
2026-07-31 22:18:58,755 Starting new HTTP connection (1): localhost:8000
2026-07-31 22:18:58,764 http://localhost:8000 "GET /jobs/dd601362-39b9-4505-b475-04cf6a542738 HTTP/1.1" 200 348
2026-07-31 22:18:59,770 Starting new HTTP connection (1): localhost:8000
2026-07-31 22:18:59,789 http://localhost:8000 "GET /jobs/dd601362-39b9-4505-b475-04cf6a542738 HTTP/1.1" 200 348
2026-07-31 22:19:00,796 Starting new HTTP connection (1): localhost:8000
2026-07-31 22:19:00,807 http://localhost:8000 "GET /jobs/dd601362-39b9-4505-b475-04cf6a542738 HTTP/1.1" 200 348
2026-07-31 22:19:01,812 Starting new HTTP connection (1): localhost:8000
2026-07-31 22:19:01,825 http://localhost:8000 "GET /jobs/dd601362-39b9-4505-b475-04cf6a542738 HTTP/1.1" 200 348
2026-07-31 22:19:02,830 Starting new HTTP connection (1): localhost:8000
2026-07-31 22:19:02,852 http://localhost:8000 "GET /jobs/dd601362-39b9-4505-b475-04cf6a542738 HTTP/1.1" 200 348
2026-07-31 22:19:03,858 Starting new HTTP connection (1): localhost:8000
2026-07-31 22:19:03,882 http://localhost:8000 "GET /jobs/dd601362-39b9-4505-b475-04cf6a542738 HTTP/1.1" 200 348
2026-07-31 22:19:04,888 Starting new HTTP connection (1): localhost:8000
2026-07-31 22:19:04,903 http://localhost:8000 "GET /jobs/dd601362-39b9-4505-b475-04cf6a542738 HTTP/1.1" 200 348
2026-07-31 22:19:05,910 Starting new HTTP connection (1): localhost:8000
2026-07-31 22:19:05,922 http://localhost:8000 "GET /jobs/dd601362-39b9-4505-b475-04cf6a542738 HTTP/1.1" 200 348
2026-07-31 22:19:06,928 Starting new HTTP connection (1): localhost:8000
2026-07-31 22:19:06,947 http://localhost:8000 "GET /jobs/dd601362-39b9-4505-b475-04cf6a542738 HTTP/1.1" 200 348
2026-07-31 22:19:07,955 Starting new HTTP connection (1): localhost:8000
2026-07-31 22:19:07,968 http://localhost:8000 "GET /jobs/dd601362-39b9-4505-b475-04cf6a542738 HTTP/1.1" 200 348
2026-07-31 22:19:08,974 Starting new HTTP connection (1): localhost:8000
2026-07-31 22:19:08,990 http://localhost:8000 "GET /jobs/dd601362-39b9-4505-b475-04cf6a542738 HTTP/1.1" 200 348
2026-07-31 22:19:09,996 Starting new HTTP connection (1): localhost:8000
2026-07-31 22:19:10,012 http://localhost:8000 "GET /jobs/dd601362-39b9-4505-b475-04cf6a542738 HTTP/1.1" 200 348
2026-07-31 22:19:11,017 Starting new HTTP connection (1): localhost:8000
2026-07-31 22:19:11,029 http://localhost:8000 "GET /jobs/dd601362-39b9-4505-b475-04cf6a542738 HTTP/1.1" 200 348
2026-07-31 22:19:12,036 Starting new HTTP connection (1): localhost:8000
2026-07-31 22:19:12,047 http://localhost:8000 "GET /jobs/dd601362-39b9-4505-b475-04cf6a542738 HTTP/1.1" 200 348
2026-07-31 22:19:13,056 Starting new HTTP connection (1): localhost:8000
2026-07-31 22:19:13,067 http://localhost:8000 "GET /jobs/dd601362-39b9-4505-b475-04cf6a542738 HTTP/1.1" 200 348
2026-07-31 22:19:14,075 Starting new HTTP connection (1): localhost:8000
2026-07-31 22:19:14,088 http://localhost:8000 "GET /jobs/dd601362-39b9-4505-b475-04cf6a542738 HTTP/1.1" 200 348
2026-07-31 22:19:15,093 Starting new HTTP connection (1): localhost:8000
2026-07-31 22:19:15,101 http://localhost:8000 "GET /jobs/dd601362-39b9-4505-b475-04cf6a542738 HTTP/1.1" 200 348
2026-07-31 22:19:16,106 Starting new HTTP connection (1): localhost:8000
2026-07-31 22:19:16,117 http://localhost:8000 "GET /jobs/dd601362-39b9-4505-b475-04cf6a542738 HTTP/1.1" 200 348
2026-07-31 22:19:17,125 Starting new HTTP connection (1): localhost:8000
2026-07-31 22:19:17,134 http://localhost:8000 "GET /jobs/dd601362-39b9-4505-b475-04cf6a542738 HTTP/1.1" 200 348
2026-07-31 22:19:18,141 Starting new HTTP connection (1): localhost:8000
2026-07-31 22:19:18,151 http://localhost:8000 "GET /jobs/dd601362-39b9-4505-b475-04cf6a542738 HTTP/1.1" 200 348
2026-07-31 22:19:19,156 Starting new HTTP connection (1): localhost:8000
2026-07-31 22:19:19,167 http://localhost:8000 "GET /jobs/dd601362-39b9-4505-b475-04cf6a542738 HTTP/1.1" 200 348
2026-07-31 22:19:20,173 Starting new HTTP connection (1): localhost:8000
2026-07-31 22:19:20,183 http://localhost:8000 "GET /jobs/dd601362-39b9-4505-b475-04cf6a542738 HTTP/1.1" 200 348
2026-07-31 22:19:21,190 Starting new HTTP connection (1): localhost:8000
2026-07-31 22:19:21,206 http://localhost:8000 "GET /jobs/dd601362-39b9-4505-b475-04cf6a542738 HTTP/1.1" 200 348
2026-07-31 22:19:22,211 Starting new HTTP connection (1): localhost:8000
2026-07-31 22:19:22,220 http://localhost:8000 "GET /jobs/dd601362-39b9-4505-b475-04cf6a542738 HTTP/1.1" 200 348
2026-07-31 22:19:23,227 Starting new HTTP connection (1): localhost:8000
2026-07-31 22:19:23,237 http://localhost:8000 "GET /jobs/dd601362-39b9-4505-b475-04cf6a542738 HTTP/1.1" 200 348
2026-07-31 22:19:24,242 Starting new HTTP connection (1): localhost:8000
2026-07-31 22:19:24,251 http://localhost:8000 "GET /jobs/dd601362-39b9-4505-b475-04cf6a542738 HTTP/1.1" 200 348
2026-07-31 22:19:25,258 Starting new HTTP connection (1): localhost:8000
2026-07-31 22:19:25,267 http://localhost:8000 "GET /jobs/dd601362-39b9-4505-b475-04cf6a542738 HTTP/1.1" 200 348
2026-07-31 22:19:26,273 Starting new HTTP connection (1): localhost:8000
2026-07-31 22:19:26,288 http://localhost:8000 "GET /jobs/dd601362-39b9-4505-b475-04cf6a542738 HTTP/1.1" 200 348
2026-07-31 22:19:27,295 Starting new HTTP connection (1): localhost:8000
2026-07-31 22:19:27,304 http://localhost:8000 "GET /jobs/dd601362-39b9-4505-b475-04cf6a542738 HTTP/1.1" 200 348
2026-07-31 22:19:28,309 Starting new HTTP connection (1): localhost:8000
2026-07-31 22:19:28,323 http://localhost:8000 "GET /jobs/dd601362-39b9-4505-b475-04cf6a542738 HTTP/1.1" 200 348
2026-07-31 22:19:29,331 Starting new HTTP connection (1): localhost:8000
2026-07-31 22:19:29,344 http://localhost:8000 "GET /jobs/dd601362-39b9-4505-b475-04cf6a542738 HTTP/1.1" 200 348
2026-07-31 22:19:30,348 Starting new HTTP connection (1): localhost:8000
2026-07-31 22:19:30,355 http://localhost:8000 "GET /jobs/dd601362-39b9-4505-b475-04cf6a542738 HTTP/1.1" 200 348
2026-07-31 22:19:31,361 Starting new HTTP connection (1): localhost:8000
2026-07-31 22:19:31,371 http://localhost:8000 "GET /jobs/dd601362-39b9-4505-b475-04cf6a542738 HTTP/1.1" 200 348
2026-07-31 22:19:32,376 Starting new HTTP connection (1): localhost:8000
2026-07-31 22:19:32,386 http://localhost:8000 "GET /jobs/dd601362-39b9-4505-b475-04cf6a542738 HTTP/1.1" 200 348
2026-07-31 22:19:33,393 Starting new HTTP connection (1): localhost:8000
2026-07-31 22:19:33,407 http://localhost:8000 "GET /jobs/dd601362-39b9-4505-b475-04cf6a542738 HTTP/1.1" 200 348
2026-07-31 22:19:34,412 Starting new HTTP connection (1): localhost:8000
2026-07-31 22:19:34,421 http://localhost:8000 "GET /jobs/dd601362-39b9-4505-b475-04cf6a542738 HTTP/1.1" 200 348
2026-07-31 22:19:35,427 Starting new HTTP connection (1): localhost:8000
2026-07-31 22:19:35,437 http://localhost:8000 "GET /jobs/dd601362-39b9-4505-b475-04cf6a542738 HTTP/1.1" 200 348
2026-07-31 22:19:36,444 Starting new HTTP connection (1): localhost:8000
2026-07-31 22:19:36,452 http://localhost:8000 "GET /jobs/dd601362-39b9-4505-b475-04cf6a542738 HTTP/1.1" 200 348
2026-07-31 22:19:37,459 Starting new HTTP connection (1): localhost:8000
2026-07-31 22:19:37,471 http://localhost:8000 "GET /jobs/dd601362-39b9-4505-b475-04cf6a542738 HTTP/1.1" 200 348
2026-07-31 22:19:38,478 Starting new HTTP connection (1): localhost:8000
2026-07-31 22:19:38,488 http://localhost:8000 "GET /jobs/dd601362-39b9-4505-b475-04cf6a542738 HTTP/1.1" 200 348
2026-07-31 22:19:39,496 Starting new HTTP connection (1): localhost:8000
2026-07-31 22:19:39,512 http://localhost:8000 "GET /jobs/dd601362-39b9-4505-b475-04cf6a542738 HTTP/1.1" 200 348
2026-07-31 22:19:40,519 Starting new HTTP connection (1): localhost:8000
2026-07-31 22:19:40,529 http://localhost:8000 "GET /jobs/dd601362-39b9-4505-b475-04cf6a542738 HTTP/1.1" 200 348
2026-07-31 22:19:41,534 Starting new HTTP connection (1): localhost:8000
2026-07-31 22:19:41,550 http://localhost:8000 "GET /jobs/dd601362-39b9-4505-b475-04cf6a542738 HTTP/1.1" 200 348
2026-07-31 22:19:42,558 Starting new HTTP connection (1): localhost:8000
2026-07-31 22:19:42,569 http://localhost:8000 "GET /jobs/dd601362-39b9-4505-b475-04cf6a542738 HTTP/1.1" 200 348
2026-07-31 22:19:43,575 Starting new HTTP connection (1): localhost:8000
2026-07-31 22:19:43,588 http://localhost:8000 "GET /jobs/dd601362-39b9-4505-b475-04cf6a542738 HTTP/1.1" 200 348
2026-07-31 22:19:44,596 Starting new HTTP connection (1): localhost:8000
2026-07-31 22:19:44,607 http://localhost:8000 "GET /jobs/dd601362-39b9-4505-b475-04cf6a542738 HTTP/1.1" 200 348
2026-07-31 22:19:45,614 Starting new HTTP connection (1): localhost:8000
2026-07-31 22:19:45,631 http://localhost:8000 "GET /jobs/dd601362-39b9-4505-b475-04cf6a542738 HTTP/1.1" 200 348
2026-07-31 22:19:46,637 Starting new HTTP connection (1): localhost:8000
2026-07-31 22:19:46,649 http://localhost:8000 "GET /jobs/dd601362-39b9-4505-b475-04cf6a542738 HTTP/1.1" 200 348
2026-07-31 22:19:47,656 Starting new HTTP connection (1): localhost:8000
2026-07-31 22:19:47,666 http://localhost:8000 "GET /jobs/dd601362-39b9-4505-b475-04cf6a542738 HTTP/1.1" 200 348
2026-07-31 22:19:48,673 Starting new HTTP connection (1): localhost:8000
2026-07-31 22:19:48,689 http://localhost:8000 "GET /jobs/dd601362-39b9-4505-b475-04cf6a542738 HTTP/1.1" 200 348
2026-07-31 22:19:49,694 Starting new HTTP connection (1): localhost:8000
2026-07-31 22:19:49,705 http://localhost:8000 "GET /jobs/dd601362-39b9-4505-b475-04cf6a542738 HTTP/1.1" 200 348
2026-07-31 22:19:50,711 Starting new HTTP connection (1): localhost:8000
2026-07-31 22:19:50,725 http://localhost:8000 "GET /jobs/dd601362-39b9-4505-b475-04cf6a542738 HTTP/1.1" 200 348
2026-07-31 22:19:51,732 Starting new HTTP connection (1): localhost:8000
2026-07-31 22:19:51,748 http://localhost:8000 "GET /jobs/dd601362-39b9-4505-b475-04cf6a542738 HTTP/1.1" 200 348
2026-07-31 22:19:52,755 Starting new HTTP connection (1): localhost:8000
2026-07-31 22:19:52,770 http://localhost:8000 "GET /jobs/dd601362-39b9-4505-b475-04cf6a542738 HTTP/1.1" 200 348
2026-07-31 22:19:53,779 Starting new HTTP connection (1): localhost:8000
2026-07-31 22:19:53,791 http://localhost:8000 "GET /jobs/dd601362-39b9-4505-b475-04cf6a542738 HTTP/1.1" 200 348
2026-07-31 22:19:54,798 Starting new HTTP connection (1): localhost:8000
2026-07-31 22:19:54,810 http://localhost:8000 "GET /jobs/dd601362-39b9-4505-b475-04cf6a542738 HTTP/1.1" 200 348
2026-07-31 22:19:55,816 Starting new HTTP connection (1): localhost:8000
2026-07-31 22:19:55,825 http://localhost:8000 "GET /jobs/dd601362-39b9-4505-b475-04cf6a542738 HTTP/1.1" 200 348
2026-07-31 22:19:56,831 Starting new HTTP connection (1): localhost:8000
2026-07-31 22:19:56,840 http://localhost:8000 "GET /jobs/dd601362-39b9-4505-b475-04cf6a542738 HTTP/1.1" 200 348
2026-07-31 22:19:57,846 Starting new HTTP connection (1): localhost:8000
2026-07-31 22:19:57,859 http://localhost:8000 "GET /jobs/dd601362-39b9-4505-b475-04cf6a542738 HTTP/1.1" 200 348
2026-07-31 22:19:58,867 Starting new HTTP connection (1): localhost:8000
2026-07-31 22:19:58,886 http://localhost:8000 "GET /jobs/dd601362-39b9-4505-b475-04cf6a542738 HTTP/1.1" 200 348
2026-07-31 22:19:59,893 Starting new HTTP connection (1): localhost:8000
2026-07-31 22:19:59,907 http://localhost:8000 "GET /jobs/dd601362-39b9-4505-b475-04cf6a542738 HTTP/1.1" 200 348
2026-07-31 22:20:00,912 Starting new HTTP connection (1): localhost:8000
2026-07-31 22:20:00,923 http://localhost:8000 "GET /jobs/dd601362-39b9-4505-b475-04cf6a542738 HTTP/1.1" 200 348
2026-07-31 22:20:01,930 Starting new HTTP connection (1): localhost:8000
2026-07-31 22:20:01,942 http://localhost:8000 "GET /jobs/dd601362-39b9-4505-b475-04cf6a542738 HTTP/1.1" 200 348
2026-07-31 22:20:02,948 Starting new HTTP connection (1): localhost:8000
2026-07-31 22:20:02,963 http://localhost:8000 "GET /jobs/dd601362-39b9-4505-b475-04cf6a542738 HTTP/1.1" 200 348
2026-07-31 22:20:03,969 Starting new HTTP connection (1): localhost:8000
2026-07-31 22:20:03,980 http://localhost:8000 "GET /jobs/dd601362-39b9-4505-b475-04cf6a542738 HTTP/1.1" 200 348
2026-07-31 22:20:04,988 Starting new HTTP connection (1): localhost:8000
2026-07-31 22:20:05,001 http://localhost:8000 "GET /jobs/dd601362-39b9-4505-b475-04cf6a542738 HTTP/1.1" 200 348
2026-07-31 22:20:06,008 Starting new HTTP connection (1): localhost:8000
2026-07-31 22:20:06,021 http://localhost:8000 "GET /jobs/dd601362-39b9-4505-b475-04cf6a542738 HTTP/1.1" 200 348
2026-07-31 22:20:07,027 Starting new HTTP connection (1): localhost:8000
2026-07-31 22:20:07,037 http://localhost:8000 "GET /jobs/dd601362-39b9-4505-b475-04cf6a542738 HTTP/1.1" 200 348
2026-07-31 22:20:08,043 Starting new HTTP connection (1): localhost:8000
2026-07-31 22:20:08,053 http://localhost:8000 "GET /jobs/dd601362-39b9-4505-b475-04cf6a542738 HTTP/1.1" 200 348
2026-07-31 22:20:09,061 Starting new HTTP connection (1): localhost:8000
2026-07-31 22:20:09,074 http://localhost:8000 "GET /jobs/dd601362-39b9-4505-b475-04cf6a542738 HTTP/1.1" 200 348
2026-07-31 22:20:10,081 Starting new HTTP connection (1): localhost:8000
2026-07-31 22:20:10,090 http://localhost:8000 "GET /jobs/dd601362-39b9-4505-b475-04cf6a542738 HTTP/1.1" 200 348
2026-07-31 22:20:11,096 Starting new HTTP connection (1): localhost:8000
2026-07-31 22:20:11,109 http://localhost:8000 "GET /jobs/dd601362-39b9-4505-b475-04cf6a542738 HTTP/1.1" 200 348
2026-07-31 22:20:12,116 Starting new HTTP connection (1): localhost:8000
2026-07-31 22:20:12,130 http://localhost:8000 "GET /jobs/dd601362-39b9-4505-b475-04cf6a542738 HTTP/1.1" 200 348
2026-07-31 22:20:13,137 Starting new HTTP connection (1): localhost:8000
2026-07-31 22:20:13,148 http://localhost:8000 "GET /jobs/dd601362-39b9-4505-b475-04cf6a542738 HTTP/1.1" 200 348
2026-07-31 22:20:14,154 Starting new HTTP connection (1): localhost:8000
2026-07-31 22:20:14,166 http://localhost:8000 "GET /jobs/dd601362-39b9-4505-b475-04cf6a542738 HTTP/1.1" 200 348
2026-07-31 22:20:15,172 Starting new HTTP connection (1): localhost:8000
2026-07-31 22:20:15,183 http://localhost:8000 "GET /jobs/dd601362-39b9-4505-b475-04cf6a542738 HTTP/1.1" 200 348
2026-07-31 22:20:16,188 Starting new HTTP connection (1): localhost:8000
2026-07-31 22:20:16,199 http://localhost:8000 "GET /jobs/dd601362-39b9-4505-b475-04cf6a542738 HTTP/1.1" 200 348
2026-07-31 22:20:17,206 Starting new HTTP connection (1): localhost:8000
2026-07-31 22:20:17,218 http://localhost:8000 "GET /jobs/dd601362-39b9-4505-b475-04cf6a542738 HTTP/1.1" 200 348
2026-07-31 22:20:18,224 Starting new HTTP connection (1): localhost:8000
2026-07-31 22:20:18,240 http://localhost:8000 "GET /jobs/dd601362-39b9-4505-b475-04cf6a542738 HTTP/1.1" 200 348
2026-07-31 22:20:19,246 Starting new HTTP connection (1): localhost:8000
2026-07-31 22:20:19,262 http://localhost:8000 "GET /jobs/dd601362-39b9-4505-b475-04cf6a542738 HTTP/1.1" 200 348
2026-07-31 22:20:20,267 Starting new HTTP connection (1): localhost:8000
2026-07-31 22:20:20,279 http://localhost:8000 "GET /jobs/dd601362-39b9-4505-b475-04cf6a542738 HTTP/1.1" 200 348
2026-07-31 22:20:21,285 Starting new HTTP connection (1): localhost:8000
2026-07-31 22:20:21,295 http://localhost:8000 "GET /jobs/dd601362-39b9-4505-b475-04cf6a542738 HTTP/1.1" 200 348
2026-07-31 22:20:22,304 Starting new HTTP connection (1): localhost:8000
2026-07-31 22:20:22,323 http://localhost:8000 "GET /jobs/dd601362-39b9-4505-b475-04cf6a542738 HTTP/1.1" 200 348
2026-07-31 22:20:23,330 Starting new HTTP connection (1): localhost:8000
2026-07-31 22:20:23,347 http://localhost:8000 "GET /jobs/dd601362-39b9-4505-b475-04cf6a542738 HTTP/1.1" 200 348
2026-07-31 22:20:24,357 Starting new HTTP connection (1): localhost:8000
2026-07-31 22:20:24,372 http://localhost:8000 "GET /jobs/dd601362-39b9-4505-b475-04cf6a542738 HTTP/1.1" 200 348
2026-07-31 22:20:25,379 Starting new HTTP connection (1): localhost:8000
2026-07-31 22:20:25,395 http://localhost:8000 "GET /jobs/dd601362-39b9-4505-b475-04cf6a542738 HTTP/1.1" 200 348
2026-07-31 22:20:26,400 Starting new HTTP connection (1): localhost:8000
2026-07-31 22:20:26,414 http://localhost:8000 "GET /jobs/dd601362-39b9-4505-b475-04cf6a542738 HTTP/1.1" 200 348
2026-07-31 22:20:27,419 Starting new HTTP connection (1): localhost:8000
2026-07-31 22:20:27,430 http://localhost:8000 "GET /jobs/dd601362-39b9-4505-b475-04cf6a542738 HTTP/1.1" 200 348
2026-07-31 22:20:28,435 Starting new HTTP connection (1): localhost:8000
2026-07-31 22:20:28,447 http://localhost:8000 "GET /jobs/dd601362-39b9-4505-b475-04cf6a542738 HTTP/1.1" 200 348
2026-07-31 22:20:29,452 Starting new HTTP connection (1): localhost:8000
2026-07-31 22:20:29,463 http://localhost:8000 "GET /jobs/dd601362-39b9-4505-b475-04cf6a542738 HTTP/1.1" 200 348
2026-07-31 22:20:30,466 Starting new HTTP connection (1): localhost:8000
2026-07-31 22:20:30,475 http://localhost:8000 "GET /jobs/dd601362-39b9-4505-b475-04cf6a542738 HTTP/1.1" 200 348
2026-07-31 22:20:31,481 Starting new HTTP connection (1): localhost:8000
2026-07-31 22:20:31,493 http://localhost:8000 "GET /jobs/dd601362-39b9-4505-b475-04cf6a542738 HTTP/1.1" 200 348
2026-07-31 22:20:32,498 Starting new HTTP connection (1): localhost:8000
2026-07-31 22:20:32,532 http://localhost:8000 "GET /jobs/dd601362-39b9-4505-b475-04cf6a542738 HTTP/1.1" 200 348
2026-07-31 22:20:33,536 Starting new HTTP connection (1): localhost:8000
2026-07-31 22:20:33,550 http://localhost:8000 "GET /jobs/dd601362-39b9-4505-b475-04cf6a542738 HTTP/1.1" 200 348
2026-07-31 22:20:34,555 Starting new HTTP connection (1): localhost:8000
2026-07-31 22:20:34,564 http://localhost:8000 "GET /jobs/dd601362-39b9-4505-b475-04cf6a542738 HTTP/1.1" 200 348
2026-07-31 22:20:35,576 Starting new HTTP connection (1): localhost:8000
2026-07-31 22:20:35,589 http://localhost:8000 "GET /jobs/dd601362-39b9-4505-b475-04cf6a542738 HTTP/1.1" 200 348
2026-07-31 22:20:36,594 Starting new HTTP connection (1): localhost:8000
2026-07-31 22:20:36,602 http://localhost:8000 "GET /jobs/dd601362-39b9-4505-b475-04cf6a542738 HTTP/1.1" 200 348
2026-07-31 22:20:37,610 Starting new HTTP connection (1): localhost:8000
2026-07-31 22:20:37,621 http://localhost:8000 "GET /jobs/dd601362-39b9-4505-b475-04cf6a542738 HTTP/1.1" 200 348
2026-07-31 22:20:38,633 Starting new HTTP connection (1): localhost:8000
2026-07-31 22:20:38,644 http://localhost:8000 "GET /jobs/dd601362-39b9-4505-b475-04cf6a542738 HTTP/1.1" 200 348
2026-07-31 22:20:39,650 Starting new HTTP connection (1): localhost:8000
2026-07-31 22:20:39,672 http://localhost:8000 "GET /jobs/dd601362-39b9-4505-b475-04cf6a542738 HTTP/1.1" 200 348
2026-07-31 22:20:40,766 Starting new HTTP connection (1): localhost:8000
2026-07-31 22:20:40,778 http://localhost:8000 "GET /jobs/dd601362-39b9-4505-b475-04cf6a542738 HTTP/1.1" 200 348
2026-07-31 22:20:41,838 Starting new HTTP connection (1): localhost:8000
2026-07-31 22:20:41,855 http://localhost:8000 "GET /jobs/dd601362-39b9-4505-b475-04cf6a542738 HTTP/1.1" 200 348
2026-07-31 22:20:42,859 Starting new HTTP connection (1): localhost:8000
2026-07-31 22:20:42,866 http://localhost:8000 "GET /jobs/dd601362-39b9-4505-b475-04cf6a542738 HTTP/1.1" 200 348
2026-07-31 22:20:43,871 Starting new HTTP connection (1): localhost:8000
2026-07-31 22:20:43,882 http://localhost:8000 "GET /jobs/dd601362-39b9-4505-b475-04cf6a542738 HTTP/1.1" 200 348
2026-07-31 22:20:44,887 Starting new HTTP connection (1): localhost:8000
2026-07-31 22:20:44,896 http://localhost:8000 "GET /jobs/dd601362-39b9-4505-b475-04cf6a542738 HTTP/1.1" 200 348
2026-07-31 22:20:45,948 Starting new HTTP connection (1): localhost:8000
2026-07-31 22:20:45,957 http://localhost:8000 "GET /jobs/dd601362-39b9-4505-b475-04cf6a542738 HTTP/1.1" 200 348
2026-07-31 22:20:46,963 Starting new HTTP connection (1): localhost:8000
2026-07-31 22:20:46,983 http://localhost:8000 "GET /jobs/dd601362-39b9-4505-b475-04cf6a542738 HTTP/1.1" 200 348
2026-07-31 22:20:48,316 Starting new HTTP connection (1): localhost:8000
2026-07-31 22:20:48,324 http://localhost:8000 "GET /jobs/dd601362-39b9-4505-b475-04cf6a542738 HTTP/1.1" 200 348
2026-07-31 22:20:49,480 Starting new HTTP connection (1): localhost:8000
2026-07-31 22:20:49,489 http://localhost:8000 "GET /jobs/dd601362-39b9-4505-b475-04cf6a542738 HTTP/1.1" 200 348
2026-07-31 22:20:50,495 Starting new HTTP connection (1): localhost:8000
2026-07-31 22:20:50,504 http://localhost:8000 "GET /jobs/dd601362-39b9-4505-b475-04cf6a542738 HTTP/1.1" 200 348
2026-07-31 22:20:51,509 Starting new HTTP connection (1): localhost:8000
2026-07-31 22:20:51,517 http://localhost:8000 "GET /jobs/dd601362-39b9-4505-b475-04cf6a542738 HTTP/1.1" 200 348
2026-07-31 22:20:52,527 Starting new HTTP connection (1): localhost:8000
2026-07-31 22:20:52,537 http://localhost:8000 "GET /jobs/dd601362-39b9-4505-b475-04cf6a542738 HTTP/1.1" 200 348
2026-07-31 22:20:53,541 Starting new HTTP connection (1): localhost:8000
2026-07-31 22:20:53,554 http://localhost:8000 "GET /jobs/dd601362-39b9-4505-b475-04cf6a542738 HTTP/1.1" 200 348
2026-07-31 22:20:54,559 Starting new HTTP connection (1): localhost:8000
2026-07-31 22:20:54,569 http://localhost:8000 "GET /jobs/dd601362-39b9-4505-b475-04cf6a542738 HTTP/1.1" 200 348
2026-07-31 22:20:55,576 Starting new HTTP connection (1): localhost:8000
2026-07-31 22:20:55,588 http://localhost:8000 "GET /jobs/dd601362-39b9-4505-b475-04cf6a542738 HTTP/1.1" 200 348
2026-07-31 22:20:56,596 Starting new HTTP connection (1): localhost:8000
2026-07-31 22:20:56,605 http://localhost:8000 "GET /jobs/dd601362-39b9-4505-b475-04cf6a542738 HTTP/1.1" 200 348
2026-07-31 22:20:57,611 Starting new HTTP connection (1): localhost:8000
2026-07-31 22:20:57,630 http://localhost:8000 "GET /jobs/dd601362-39b9-4505-b475-04cf6a542738 HTTP/1.1" 200 348
2026-07-31 22:20:58,637 Starting new HTTP connection (1): localhost:8000
2026-07-31 22:20:58,713 http://localhost:8000 "GET /jobs/dd601362-39b9-4505-b475-04cf6a542738 HTTP/1.1" 200 348
2026-07-31 22:20:59,717 Starting new HTTP connection (1): localhost:8000
2026-07-31 22:20:59,786 http://localhost:8000 "GET /jobs/dd601362-39b9-4505-b475-04cf6a542738 HTTP/1.1" 200 348
2026-07-31 22:21:00,791 Starting new HTTP connection (1): localhost:8000
2026-07-31 22:21:00,821 http://localhost:8000 "GET /jobs/dd601362-39b9-4505-b475-04cf6a542738 HTTP/1.1" 200 348
2026-07-31 22:21:01,827 Starting new HTTP connection (1): localhost:8000
2026-07-31 22:21:01,848 http://localhost:8000 "GET /jobs/dd601362-39b9-4505-b475-04cf6a542738 HTTP/1.1" 200 348
2026-07-31 22:21:02,852 Starting new HTTP connection (1): localhost:8000
2026-07-31 22:21:02,866 http://localhost:8000 "GET /jobs/dd601362-39b9-4505-b475-04cf6a542738 HTTP/1.1" 200 348
2026-07-31 22:21:03,871 Starting new HTTP connection (1): localhost:8000
2026-07-31 22:21:03,881 http://localhost:8000 "GET /jobs/dd601362-39b9-4505-b475-04cf6a542738 HTTP/1.1" 200 348
2026-07-31 22:21:04,886 Starting new HTTP connection (1): localhost:8000
2026-07-31 22:21:04,898 http://localhost:8000 "GET /jobs/dd601362-39b9-4505-b475-04cf6a542738 HTTP/1.1" 200 348
2026-07-31 22:21:05,903 Starting new HTTP connection (1): localhost:8000
2026-07-31 22:21:05,911 http://localhost:8000 "GET /jobs/dd601362-39b9-4505-b475-04cf6a542738 HTTP/1.1" 200 348
2026-07-31 22:21:06,916 Starting new HTTP connection (1): localhost:8000
2026-07-31 22:21:06,937 http://localhost:8000 "GET /jobs/dd601362-39b9-4505-b475-04cf6a542738 HTTP/1.1" 200 348
2026-07-31 22:21:07,957 Starting new HTTP connection (1): localhost:8000
2026-07-31 22:21:08,027 http://localhost:8000 "GET /jobs/dd601362-39b9-4505-b475-04cf6a542738 HTTP/1.1" 200 348
2026-07-31 22:21:09,032 Starting new HTTP connection (1): localhost:8000
2026-07-31 22:21:09,041 http://localhost:8000 "GET /jobs/dd601362-39b9-4505-b475-04cf6a542738 HTTP/1.1" 200 348
2026-07-31 22:21:10,045 Starting new HTTP connection (1): localhost:8000
2026-07-31 22:21:10,055 http://localhost:8000 "GET /jobs/dd601362-39b9-4505-b475-04cf6a542738 HTTP/1.1" 200 348
2026-07-31 22:21:11,059 Starting new HTTP connection (1): localhost:8000
2026-07-31 22:21:11,067 http://localhost:8000 "GET /jobs/dd601362-39b9-4505-b475-04cf6a542738 HTTP/1.1" 200 348
2026-07-31 22:21:12,071 Starting new HTTP connection (1): localhost:8000
2026-07-31 22:21:12,080 http://localhost:8000 "GET /jobs/dd601362-39b9-4505-b475-04cf6a542738 HTTP/1.1" 200 348
2026-07-31 22:21:13,084 Starting new HTTP connection (1): localhost:8000
2026-07-31 22:21:13,093 http://localhost:8000 "GET /jobs/dd601362-39b9-4505-b475-04cf6a542738 HTTP/1.1" 200 348
2026-07-31 22:21:14,098 Starting new HTTP connection (1): localhost:8000
2026-07-31 22:21:14,106 http://localhost:8000 "GET /jobs/dd601362-39b9-4505-b475-04cf6a542738 HTTP/1.1" 200 348
2026-07-31 22:21:15,111 Starting new HTTP connection (1): localhost:8000
2026-07-31 22:21:15,119 http://localhost:8000 "GET /jobs/dd601362-39b9-4505-b475-04cf6a542738 HTTP/1.1" 200 348
2026-07-31 22:21:16,123 Starting new HTTP connection (1): localhost:8000
2026-07-31 22:21:16,130 http://localhost:8000 "GET /jobs/dd601362-39b9-4505-b475-04cf6a542738 HTTP/1.1" 200 348
2026-07-31 22:21:17,145 Starting new HTTP connection (1): localhost:8000
2026-07-31 22:21:48,252 Starting new HTTP connection (1): localhost:8000
2026-07-31 22:21:48,293 http://localhost:8000 "GET /jobs/dd601362-39b9-4505-b475-04cf6a542738 HTTP/1.1" 200 350
2026-07-31 22:21:49,300 Starting new HTTP connection (1): localhost:8000
2026-07-31 22:21:49,342 http://localhost:8000 "GET /jobs/dd601362-39b9-4505-b475-04cf6a542738 HTTP/1.1" 200 350
2026-07-31 22:21:50,347 Starting new HTTP connection (1): localhost:8000
2026-07-31 22:21:50,357 http://localhost:8000 "GET /jobs/dd601362-39b9-4505-b475-04cf6a542738 HTTP/1.1" 200 350
2026-07-31 22:21:51,364 Starting new HTTP connection (1): localhost:8000
2026-07-31 22:21:51,387 http://localhost:8000 "GET /jobs/dd601362-39b9-4505-b475-04cf6a542738 HTTP/1.1" 200 350
2026-07-31 22:21:52,394 Starting new HTTP connection (1): localhost:8000
2026-07-31 22:21:52,402 http://localhost:8000 "GET /jobs/dd601362-39b9-4505-b475-04cf6a542738 HTTP/1.1" 200 350
2026-07-31 22:21:53,408 Starting new HTTP connection (1): localhost:8000
2026-07-31 22:21:53,416 http://localhost:8000 "GET /jobs/dd601362-39b9-4505-b475-04cf6a542738 HTTP/1.1" 200 350
2026-07-31 22:21:54,421 Starting new HTTP connection (1): localhost:8000
2026-07-31 22:21:54,432 http://localhost:8000 "GET /jobs/dd601362-39b9-4505-b475-04cf6a542738 HTTP/1.1" 200 350
2026-07-31 22:21:55,436 Starting new HTTP connection (1): localhost:8000
2026-07-31 22:21:55,449 http://localhost:8000 "GET /jobs/dd601362-39b9-4505-b475-04cf6a542738 HTTP/1.1" 200 350
2026-07-31 22:21:56,468 Starting new HTTP connection (1): localhost:8000
2026-07-31 22:21:56,476 http://localhost:8000 "GET /jobs/dd601362-39b9-4505-b475-04cf6a542738 HTTP/1.1" 200 350
2026-07-31 22:21:57,480 Starting new HTTP connection (1): localhost:8000
2026-07-31 22:21:57,737 http://localhost:8000 "GET /jobs/dd601362-39b9-4505-b475-04cf6a542738 HTTP/1.1" 200 350
2026-07-31 22:21:58,744 Starting new HTTP connection (1): localhost:8000
2026-07-31 22:21:58,791 http://localhost:8000 "GET /jobs/dd601362-39b9-4505-b475-04cf6a542738 HTTP/1.1" 200 350
2026-07-31 22:21:59,796 Starting new HTTP connection (1): localhost:8000
2026-07-31 22:21:59,809 http://localhost:8000 "GET /jobs/dd601362-39b9-4505-b475-04cf6a542738 HTTP/1.1" 200 350
2026-07-31 22:22:00,814 Starting new HTTP connection (1): localhost:8000
2026-07-31 22:22:00,824 http://localhost:8000 "GET /jobs/dd601362-39b9-4505-b475-04cf6a542738 HTTP/1.1" 200 350
2026-07-31 22:22:01,827 Starting new HTTP connection (1): localhost:8000
2026-07-31 22:22:01,837 http://localhost:8000 "GET /jobs/dd601362-39b9-4505-b475-04cf6a542738 HTTP/1.1" 200 350
2026-07-31 22:22:02,841 Starting new HTTP connection (1): localhost:8000
2026-07-31 22:22:02,857 http://localhost:8000 "GET /jobs/dd601362-39b9-4505-b475-04cf6a542738 HTTP/1.1" 200 350
2026-07-31 22:22:03,860 Starting new HTTP connection (1): localhost:8000
2026-07-31 22:22:03,883 http://localhost:8000 "GET /jobs/dd601362-39b9-4505-b475-04cf6a542738 HTTP/1.1" 200 350
2026-07-31 22:22:04,889 Starting new HTTP connection (1): localhost:8000
2026-07-31 22:22:04,902 http://localhost:8000 "GET /jobs/dd601362-39b9-4505-b475-04cf6a542738 HTTP/1.1" 200 350
2026-07-31 22:22:05,952 Starting new HTTP connection (1): localhost:8000
2026-07-31 22:22:05,972 http://localhost:8000 "GET /jobs/dd601362-39b9-4505-b475-04cf6a542738 HTTP/1.1" 200 350
2026-07-31 22:22:06,977 Starting new HTTP connection (1): localhost:8000
2026-07-31 22:22:06,986 http://localhost:8000 "GET /jobs/dd601362-39b9-4505-b475-04cf6a542738 HTTP/1.1" 200 350
2026-07-31 22:22:07,990 Starting new HTTP connection (1): localhost:8000
2026-07-31 22:22:07,999 http://localhost:8000 "GET /jobs/dd601362-39b9-4505-b475-04cf6a542738 HTTP/1.1" 200 350
2026-07-31 22:22:09,001 Starting new HTTP connection (1): localhost:8000
2026-07-31 22:22:09,010 http://localhost:8000 "GET /jobs/dd601362-39b9-4505-b475-04cf6a542738 HTTP/1.1" 200 350
2026-07-31 22:22:10,015 Starting new HTTP connection (1): localhost:8000
2026-07-31 22:22:10,033 http://localhost:8000 "GET /jobs/dd601362-39b9-4505-b475-04cf6a542738 HTTP/1.1" 200 350
2026-07-31 22:22:11,039 Starting new HTTP connection (1): localhost:8000
2026-07-31 22:22:11,048 http://localhost:8000 "GET /jobs/dd601362-39b9-4505-b475-04cf6a542738 HTTP/1.1" 200 350
2026-07-31 22:22:12,053 Starting new HTTP connection (1): localhost:8000
2026-07-31 22:22:12,061 http://localhost:8000 "GET /jobs/dd601362-39b9-4505-b475-04cf6a542738 HTTP/1.1" 200 350
2026-07-31 22:22:13,066 Starting new HTTP connection (1): localhost:8000
2026-07-31 22:22:13,077 http://localhost:8000 "GET /jobs/dd601362-39b9-4505-b475-04cf6a542738 HTTP/1.1" 200 350
2026-07-31 22:22:14,081 Starting new HTTP connection (1): localhost:8000
2026-07-31 22:22:14,089 http://localhost:8000 "GET /jobs/dd601362-39b9-4505-b475-04cf6a542738 HTTP/1.1" 200 350
2026-07-31 22:22:15,095 Starting new HTTP connection (1): localhost:8000
2026-07-31 22:22:15,103 http://localhost:8000 "GET /jobs/dd601362-39b9-4505-b475-04cf6a542738 HTTP/1.1" 200 350
2026-07-31 22:22:16,108 Starting new HTTP connection (1): localhost:8000
2026-07-31 22:22:16,119 http://localhost:8000 "GET /jobs/dd601362-39b9-4505-b475-04cf6a542738 HTTP/1.1" 200 350
2026-07-31 22:22:17,124 Starting new HTTP connection (1): localhost:8000
2026-07-31 22:22:17,151 http://localhost:8000 "GET /jobs/dd601362-39b9-4505-b475-04cf6a542738 HTTP/1.1" 200 350
2026-07-31 22:22:18,155 Starting new HTTP connection (1): localhost:8000
2026-07-31 22:22:18,170 http://localhost:8000 "GET /jobs/dd601362-39b9-4505-b475-04cf6a542738 HTTP/1.1" 200 350
2026-07-31 22:22:19,172 Starting new HTTP connection (1): localhost:8000
2026-07-31 22:22:19,183 http://localhost:8000 "GET /jobs/dd601362-39b9-4505-b475-04cf6a542738 HTTP/1.1" 200 350
2026-07-31 22:22:20,188 Starting new HTTP connection (1): localhost:8000
2026-07-31 22:22:20,196 http://localhost:8000 "GET /jobs/dd601362-39b9-4505-b475-04cf6a542738 HTTP/1.1" 200 350
2026-07-31 22:22:21,199 Starting new HTTP connection (1): localhost:8000
2026-07-31 22:22:21,209 http://localhost:8000 "GET /jobs/dd601362-39b9-4505-b475-04cf6a542738 HTTP/1.1" 200 350
2026-07-31 22:22:22,214 Starting new HTTP connection (1): localhost:8000
2026-07-31 22:22:22,226 http://localhost:8000 "GET /jobs/dd601362-39b9-4505-b475-04cf6a542738 HTTP/1.1" 200 350
2026-07-31 22:22:23,230 Starting new HTTP connection (1): localhost:8000
2026-07-31 22:22:23,242 http://localhost:8000 "GET /jobs/dd601362-39b9-4505-b475-04cf6a542738 HTTP/1.1" 200 350
2026-07-31 22:22:24,246 Starting new HTTP connection (1): localhost:8000
2026-07-31 22:22:24,264 http://localhost:8000 "GET /jobs/dd601362-39b9-4505-b475-04cf6a542738 HTTP/1.1" 200 350
2026-07-31 22:22:25,268 Starting new HTTP connection (1): localhost:8000
2026-07-31 22:22:25,304 http://localhost:8000 "GET /jobs/dd601362-39b9-4505-b475-04cf6a542738 HTTP/1.1" 200 350
2026-07-31 22:22:26,307 Starting new HTTP connection (1): localhost:8000
2026-07-31 22:22:26,317 http://localhost:8000 "GET /jobs/dd601362-39b9-4505-b475-04cf6a542738 HTTP/1.1" 200 350
2026-07-31 22:22:27,321 Starting new HTTP connection (1): localhost:8000
2026-07-31 22:22:27,329 http://localhost:8000 "GET /jobs/dd601362-39b9-4505-b475-04cf6a542738 HTTP/1.1" 200 350
2026-07-31 22:22:28,333 Starting new HTTP connection (1): localhost:8000
2026-07-31 22:22:28,345 http://localhost:8000 "GET /jobs/dd601362-39b9-4505-b475-04cf6a542738 HTTP/1.1" 200 350
2026-07-31 22:22:29,350 Starting new HTTP connection (1): localhost:8000
2026-07-31 22:22:29,357 http://localhost:8000 "GET /jobs/dd601362-39b9-4505-b475-04cf6a542738 HTTP/1.1" 200 350
2026-07-31 22:22:30,365 Starting new HTTP connection (1): localhost:8000
2026-07-31 22:22:30,375 http://localhost:8000 "GET /jobs/dd601362-39b9-4505-b475-04cf6a542738 HTTP/1.1" 200 350
2026-07-31 22:22:31,382 Starting new HTTP connection (1): localhost:8000
2026-07-31 22:22:31,426 http://localhost:8000 "GET /jobs/dd601362-39b9-4505-b475-04cf6a542738 HTTP/1.1" 200 350
2026-07-31 22:22:32,430 Starting new HTTP connection (1): localhost:8000
2026-07-31 22:22:32,444 http://localhost:8000 "GET /jobs/dd601362-39b9-4505-b475-04cf6a542738 HTTP/1.1" 200 350
2026-07-31 22:22:33,447 Starting new HTTP connection (1): localhost:8000
2026-07-31 22:22:33,458 http://localhost:8000 "GET /jobs/dd601362-39b9-4505-b475-04cf6a542738 HTTP/1.1" 200 350
2026-07-31 22:22:34,464 Starting new HTTP connection (1): localhost:8000
2026-07-31 22:22:34,480 http://localhost:8000 "GET /jobs/dd601362-39b9-4505-b475-04cf6a542738 HTTP/1.1" 200 350
2026-07-31 22:22:35,486 Starting new HTTP connection (1): localhost:8000
2026-07-31 22:22:35,503 http://localhost:8000 "GET /jobs/dd601362-39b9-4505-b475-04cf6a542738 HTTP/1.1" 200 350
2026-07-31 22:22:36,509 Starting new HTTP connection (1): localhost:8000
2026-07-31 22:22:36,546 http://localhost:8000 "GET /jobs/dd601362-39b9-4505-b475-04cf6a542738 HTTP/1.1" 200 350
2026-07-31 22:22:37,553 Starting new HTTP connection (1): localhost:8000
2026-07-31 22:22:37,570 http://localhost:8000 "GET /jobs/dd601362-39b9-4505-b475-04cf6a542738 HTTP/1.1" 200 350
2026-07-31 22:22:38,574 Starting new HTTP connection (1): localhost:8000
2026-07-31 22:22:38,588 http://localhost:8000 "GET /jobs/dd601362-39b9-4505-b475-04cf6a542738 HTTP/1.1" 200 350
2026-07-31 22:22:39,594 Starting new HTTP connection (1): localhost:8000
2026-07-31 22:22:39,606 http://localhost:8000 "GET /jobs/dd601362-39b9-4505-b475-04cf6a542738 HTTP/1.1" 200 350
2026-07-31 22:22:40,613 Starting new HTTP connection (1): localhost:8000
2026-07-31 22:22:40,625 http://localhost:8000 "GET /jobs/dd601362-39b9-4505-b475-04cf6a542738 HTTP/1.1" 200 350
2026-07-31 22:22:41,629 Starting new HTTP connection (1): localhost:8000
2026-07-31 22:22:41,637 http://localhost:8000 "GET /jobs/dd601362-39b9-4505-b475-04cf6a542738 HTTP/1.1" 200 350
2026-07-31 22:22:42,641 Starting new HTTP connection (1): localhost:8000
2026-07-31 22:22:42,667 http://localhost:8000 "GET /jobs/dd601362-39b9-4505-b475-04cf6a542738 HTTP/1.1" 200 350
2026-07-31 22:22:43,672 Starting new HTTP connection (1): localhost:8000
2026-07-31 22:22:43,683 http://localhost:8000 "GET /jobs/dd601362-39b9-4505-b475-04cf6a542738 HTTP/1.1" 200 350
2026-07-31 22:22:44,688 Starting new HTTP connection (1): localhost:8000
2026-07-31 22:22:44,704 http://localhost:8000 "GET /jobs/dd601362-39b9-4505-b475-04cf6a542738 HTTP/1.1" 200 350
2026-07-31 22:22:45,715 Starting new HTTP connection (1): localhost:8000
2026-07-31 22:22:45,738 http://localhost:8000 "GET /jobs/dd601362-39b9-4505-b475-04cf6a542738 HTTP/1.1" 200 350
2026-07-31 22:22:46,742 Starting new HTTP connection (1): localhost:8000
2026-07-31 22:22:46,791 http://localhost:8000 "GET /jobs/dd601362-39b9-4505-b475-04cf6a542738 HTTP/1.1" 200 338
2026-07-31 22:22:47,797 Starting new HTTP connection (1): localhost:8000
2026-07-31 22:22:47,809 http://localhost:8000 "GET /jobs/dd601362-39b9-4505-b475-04cf6a542738 HTTP/1.1" 200 350
2026-07-31 22:22:48,816 Starting new HTTP connection (1): localhost:8000
2026-07-31 22:22:48,825 http://localhost:8000 "GET /jobs/dd601362-39b9-4505-b475-04cf6a542738 HTTP/1.1" 200 350
2026-07-31 22:22:49,830 Starting new HTTP connection (1): localhost:8000
2026-07-31 22:22:49,838 http://localhost:8000 "GET /jobs/dd601362-39b9-4505-b475-04cf6a542738 HTTP/1.1" 200 350
2026-07-31 22:22:50,842 Starting new HTTP connection (1): localhost:8000
2026-07-31 22:22:50,850 http://localhost:8000 "GET /jobs/dd601362-39b9-4505-b475-04cf6a542738 HTTP/1.1" 200 350
2026-07-31 22:22:51,854 Starting new HTTP connection (1): localhost:8000
2026-07-31 22:22:51,864 http://localhost:8000 "GET /jobs/dd601362-39b9-4505-b475-04cf6a542738 HTTP/1.1" 200 350
2026-07-31 22:22:52,870 Starting new HTTP connection (1): localhost:8000
2026-07-31 22:22:52,879 http://localhost:8000 "GET /jobs/dd601362-39b9-4505-b475-04cf6a542738 HTTP/1.1" 200 350
2026-07-31 22:22:53,884 Starting new HTTP connection (1): localhost:8000
2026-07-31 22:22:53,891 http://localhost:8000 "GET /jobs/dd601362-39b9-4505-b475-04cf6a542738 HTTP/1.1" 200 350
2026-07-31 22:22:54,900 Starting new HTTP connection (1): localhost:8000
2026-07-31 22:22:54,908 http://localhost:8000 "GET /jobs/dd601362-39b9-4505-b475-04cf6a542738 HTTP/1.1" 200 350
2026-07-31 22:22:55,912 Starting new HTTP connection (1): localhost:8000
2026-07-31 22:22:55,934 http://localhost:8000 "GET /jobs/dd601362-39b9-4505-b475-04cf6a542738 HTTP/1.1" 200 349
2026-07-31 22:22:56,939 Starting new HTTP connection (1): localhost:8000
2026-07-31 22:22:56,969 http://localhost:8000 "GET /jobs/dd601362-39b9-4505-b475-04cf6a542738 HTTP/1.1" 200 349
2026-07-31 22:22:57,974 Starting new HTTP connection (1): localhost:8000
2026-07-31 22:22:57,984 http://localhost:8000 "GET /jobs/dd601362-39b9-4505-b475-04cf6a542738 HTTP/1.1" 200 349
2026-07-31 22:22:58,989 Starting new HTTP connection (1): localhost:8000
2026-07-31 22:22:59,004 http://localhost:8000 "GET /jobs/dd601362-39b9-4505-b475-04cf6a542738 HTTP/1.1" 200 349
2026-07-31 22:23:00,014 Starting new HTTP connection (1): localhost:8000
2026-07-31 22:23:00,025 http://localhost:8000 "GET /jobs/dd601362-39b9-4505-b475-04cf6a542738 HTTP/1.1" 200 349
2026-07-31 22:23:01,030 Starting new HTTP connection (1): localhost:8000
2026-07-31 22:23:01,054 http://localhost:8000 "GET /jobs/dd601362-39b9-4505-b475-04cf6a542738 HTTP/1.1" 200 351
2026-07-31 22:23:02,058 Starting new HTTP connection (1): localhost:8000
2026-07-31 22:23:02,067 http://localhost:8000 "GET /jobs/dd601362-39b9-4505-b475-04cf6a542738 HTTP/1.1" 200 351
2026-07-31 22:23:03,071 Starting new HTTP connection (1): localhost:8000
2026-07-31 22:23:03,079 http://localhost:8000 "GET /jobs/dd601362-39b9-4505-b475-04cf6a542738 HTTP/1.1" 200 351
2026-07-31 22:23:04,084 Starting new HTTP connection (1): localhost:8000
2026-07-31 22:23:04,089 http://localhost:8000 "GET /jobs/dd601362-39b9-4505-b475-04cf6a542738 HTTP/1.1" 200 351
2026-07-31 22:23:05,106 Starting new HTTP connection (1): localhost:8000
2026-07-31 22:23:05,125 http://localhost:8000 "GET /jobs/dd601362-39b9-4505-b475-04cf6a542738 HTTP/1.1" 200 351
2026-07-31 22:23:06,131 Starting new HTTP connection (1): localhost:8000
2026-07-31 22:23:06,186 http://localhost:8000 "GET /jobs/dd601362-39b9-4505-b475-04cf6a542738 HTTP/1.1" 200 351
2026-07-31 22:23:07,205 Starting new HTTP connection (1): localhost:8000
2026-07-31 22:23:07,214 http://localhost:8000 "GET /jobs/dd601362-39b9-4505-b475-04cf6a542738 HTTP/1.1" 200 351
2026-07-31 22:23:08,220 Starting new HTTP connection (1): localhost:8000
2026-07-31 22:23:08,228 http://localhost:8000 "GET /jobs/dd601362-39b9-4505-b475-04cf6a542738 HTTP/1.1" 200 351
2026-07-31 22:23:09,233 Starting new HTTP connection (1): localhost:8000
2026-07-31 22:23:09,243 http://localhost:8000 "GET /jobs/dd601362-39b9-4505-b475-04cf6a542738 HTTP/1.1" 200 351
2026-07-31 22:23:10,247 Starting new HTTP connection (1): localhost:8000
2026-07-31 22:23:10,377 http://localhost:8000 "GET /jobs/dd601362-39b9-4505-b475-04cf6a542738 HTTP/1.1" 200 351
2026-07-31 22:23:11,385 Starting new HTTP connection (1): localhost:8000
2026-07-31 22:23:11,407 http://localhost:8000 "GET /jobs/dd601362-39b9-4505-b475-04cf6a542738 HTTP/1.1" 200 352
2026-07-31 22:23:12,415 Starting new HTTP connection (1): localhost:8000
2026-07-31 22:23:12,427 http://localhost:8000 "GET /jobs/dd601362-39b9-4505-b475-04cf6a542738 HTTP/1.1" 200 352
2026-07-31 22:23:13,433 Starting new HTTP connection (1): localhost:8000
2026-07-31 22:23:13,441 http://localhost:8000 "GET /jobs/dd601362-39b9-4505-b475-04cf6a542738 HTTP/1.1" 200 352
2026-07-31 22:23:14,446 Starting new HTTP connection (1): localhost:8000
2026-07-31 22:23:14,456 http://localhost:8000 "GET /jobs/dd601362-39b9-4505-b475-04cf6a542738 HTTP/1.1" 200 352
2026-07-31 22:23:15,464 Starting new HTTP connection (1): localhost:8000
2026-07-31 22:23:15,476 http://localhost:8000 "GET /jobs/dd601362-39b9-4505-b475-04cf6a542738 HTTP/1.1" 200 352
2026-07-31 22:23:16,484 Starting new HTTP connection (1): localhost:8000
2026-07-31 22:23:16,512 http://localhost:8000 "GET /jobs/dd601362-39b9-4505-b475-04cf6a542738 HTTP/1.1" 200 352
2026-07-31 22:23:17,518 Starting new HTTP connection (1): localhost:8000
2026-07-31 22:23:17,558 http://localhost:8000 "GET /jobs/dd601362-39b9-4505-b475-04cf6a542738 HTTP/1.1" 200 352
2026-07-31 22:23:18,562 Starting new HTTP connection (1): localhost:8000
2026-07-31 22:23:18,586 http://localhost:8000 "GET /jobs/dd601362-39b9-4505-b475-04cf6a542738 HTTP/1.1" 200 352
2026-07-31 22:23:19,591 Starting new HTTP connection (1): localhost:8000
2026-07-31 22:23:19,614 http://localhost:8000 "GET /jobs/dd601362-39b9-4505-b475-04cf6a542738 HTTP/1.1" 200 352
2026-07-31 22:23:20,618 Starting new HTTP connection (1): localhost:8000
2026-07-31 22:23:20,640 http://localhost:8000 "GET /jobs/dd601362-39b9-4505-b475-04cf6a542738 HTTP/1.1" 200 352
2026-07-31 22:23:21,645 Starting new HTTP connection (1): localhost:8000
2026-07-31 22:23:21,654 http://localhost:8000 "GET /jobs/dd601362-39b9-4505-b475-04cf6a542738 HTTP/1.1" 200 352
2026-07-31 22:23:22,660 Starting new HTTP connection (1): localhost:8000
2026-07-31 22:23:22,696 http://localhost:8000 "GET /jobs/dd601362-39b9-4505-b475-04cf6a542738 HTTP/1.1" 200 352
2026-07-31 22:23:23,702 Starting new HTTP connection (1): localhost:8000
2026-07-31 22:23:23,722 http://localhost:8000 "GET /jobs/dd601362-39b9-4505-b475-04cf6a542738 HTTP/1.1" 200 352
2026-07-31 22:23:24,727 Starting new HTTP connection (1): localhost:8000
2026-07-31 22:23:24,739 http://localhost:8000 "GET /jobs/dd601362-39b9-4505-b475-04cf6a542738 HTTP/1.1" 200 352
2026-07-31 22:23:25,743 Starting new HTTP connection (1): localhost:8000
2026-07-31 22:23:25,757 http://localhost:8000 "GET /jobs/dd601362-39b9-4505-b475-04cf6a542738 HTTP/1.1" 200 352
2026-07-31 22:23:26,760 Starting new HTTP connection (1): localhost:8000
2026-07-31 22:23:26,775 http://localhost:8000 "GET /jobs/dd601362-39b9-4505-b475-04cf6a542738 HTTP/1.1" 200 352
2026-07-31 22:23:27,779 Starting new HTTP connection (1): localhost:8000
2026-07-31 22:23:27,789 http://localhost:8000 "GET /jobs/dd601362-39b9-4505-b475-04cf6a542738 HTTP/1.1" 200 352
2026-07-31 22:23:28,795 Starting new HTTP connection (1): localhost:8000
2026-07-31 22:23:28,805 http://localhost:8000 "GET /jobs/dd601362-39b9-4505-b475-04cf6a542738 HTTP/1.1" 200 352
2026-07-31 22:23:29,810 Starting new HTTP connection (1): localhost:8000
2026-07-31 22:23:29,819 http://localhost:8000 "GET /jobs/dd601362-39b9-4505-b475-04cf6a542738 HTTP/1.1" 200 352
2026-07-31 22:23:30,823 Starting new HTTP connection (1): localhost:8000
2026-07-31 22:23:30,834 http://localhost:8000 "GET /jobs/dd601362-39b9-4505-b475-04cf6a542738 HTTP/1.1" 200 352
2026-07-31 22:23:31,841 Starting new HTTP connection (1): localhost:8000
2026-07-31 22:23:31,851 http://localhost:8000 "GET /jobs/dd601362-39b9-4505-b475-04cf6a542738 HTTP/1.1" 200 352
2026-07-31 22:23:32,856 Starting new HTTP connection (1): localhost:8000
2026-07-31 22:23:32,869 http://localhost:8000 "GET /jobs/dd601362-39b9-4505-b475-04cf6a542738 HTTP/1.1" 200 352
2026-07-31 22:23:33,875 Starting new HTTP connection (1): localhost:8000
2026-07-31 22:23:33,883 http://localhost:8000 "GET /jobs/dd601362-39b9-4505-b475-04cf6a542738 HTTP/1.1" 200 352
2026-07-31 22:23:34,892 Starting new HTTP connection (1): localhost:8000
2026-07-31 22:23:35,273 http://localhost:8000 "GET /jobs/dd601362-39b9-4505-b475-04cf6a542738 HTTP/1.1" 200 352
2026-07-31 22:23:36,276 Starting new HTTP connection (1): localhost:8000
2026-07-31 22:23:36,286 http://localhost:8000 "GET /jobs/dd601362-39b9-4505-b475-04cf6a542738 HTTP/1.1" 200 352
2026-07-31 22:23:37,293 Starting new HTTP connection (1): localhost:8000
2026-07-31 22:23:37,312 http://localhost:8000 "GET /jobs/dd601362-39b9-4505-b475-04cf6a542738 HTTP/1.1" 200 352
2026-07-31 22:23:38,318 Starting new HTTP connection (1): localhost:8000
2026-07-31 22:23:38,334 http://localhost:8000 "GET /jobs/dd601362-39b9-4505-b475-04cf6a542738 HTTP/1.1" 200 352
2026-07-31 22:23:39,339 Starting new HTTP connection (1): localhost:8000
2026-07-31 22:23:39,353 http://localhost:8000 "GET /jobs/dd601362-39b9-4505-b475-04cf6a542738 HTTP/1.1" 200 352
2026-07-31 22:23:40,363 Starting new HTTP connection (1): localhost:8000
2026-07-31 22:23:40,374 http://localhost:8000 "GET /jobs/dd601362-39b9-4505-b475-04cf6a542738 HTTP/1.1" 200 352
2026-07-31 22:23:41,378 Starting new HTTP connection (1): localhost:8000
2026-07-31 22:23:41,390 http://localhost:8000 "GET /jobs/dd601362-39b9-4505-b475-04cf6a542738 HTTP/1.1" 200 352
2026-07-31 22:23:42,395 Starting new HTTP connection (1): localhost:8000
2026-07-31 22:23:42,407 http://localhost:8000 "GET /jobs/dd601362-39b9-4505-b475-04cf6a542738 HTTP/1.1" 200 352
2026-07-31 22:23:43,421 Starting new HTTP connection (1): localhost:8000
2026-07-31 22:23:43,427 http://localhost:8000 "GET /jobs/dd601362-39b9-4505-b475-04cf6a542738 HTTP/1.1" 200 352
2026-07-31 22:23:44,434 Starting new HTTP connection (1): localhost:8000
2026-07-31 22:23:44,446 http://localhost:8000 "GET /jobs/dd601362-39b9-4505-b475-04cf6a542738 HTTP/1.1" 200 352
2026-07-31 22:23:45,455 Starting new HTTP connection (1): localhost:8000
2026-07-31 22:23:45,467 http://localhost:8000 "GET /jobs/dd601362-39b9-4505-b475-04cf6a542738 HTTP/1.1" 200 352
2026-07-31 22:23:46,472 Starting new HTTP connection (1): localhost:8000
2026-07-31 22:23:46,482 http://localhost:8000 "GET /jobs/dd601362-39b9-4505-b475-04cf6a542738 HTTP/1.1" 200 352
2026-07-31 22:23:47,487 Starting new HTTP connection (1): localhost:8000
2026-07-31 22:23:47,532 http://localhost:8000 "GET /jobs/dd601362-39b9-4505-b475-04cf6a542738 HTTP/1.1" 200 352
2026-07-31 22:23:48,537 Starting new HTTP connection (1): localhost:8000
2026-07-31 22:23:48,552 http://localhost:8000 "GET /jobs/dd601362-39b9-4505-b475-04cf6a542738 HTTP/1.1" 200 352
2026-07-31 22:23:49,557 Starting new HTTP connection (1): localhost:8000
2026-07-31 22:23:49,573 http://localhost:8000 "GET /jobs/dd601362-39b9-4505-b475-04cf6a542738 HTTP/1.1" 200 352
2026-07-31 22:23:50,579 Starting new HTTP connection (1): localhost:8000
2026-07-31 22:23:50,602 http://localhost:8000 "GET /jobs/dd601362-39b9-4505-b475-04cf6a542738 HTTP/1.1" 200 352
2026-07-31 22:23:51,608 Starting new HTTP connection (1): localhost:8000
2026-07-31 22:23:51,621 http://localhost:8000 "GET /jobs/dd601362-39b9-4505-b475-04cf6a542738 HTTP/1.1" 200 352
2026-07-31 22:23:52,627 Starting new HTTP connection (1): localhost:8000
2026-07-31 22:23:52,650 http://localhost:8000 "GET /jobs/dd601362-39b9-4505-b475-04cf6a542738 HTTP/1.1" 200 352
2026-07-31 22:23:53,655 Starting new HTTP connection (1): localhost:8000
2026-07-31 22:23:53,674 http://localhost:8000 "GET /jobs/dd601362-39b9-4505-b475-04cf6a542738 HTTP/1.1" 200 352
2026-07-31 22:23:54,680 Starting new HTTP connection (1): localhost:8000
2026-07-31 22:23:54,707 http://localhost:8000 "GET /jobs/dd601362-39b9-4505-b475-04cf6a542738 HTTP/1.1" 200 352
2026-07-31 22:23:55,712 Starting new HTTP connection (1): localhost:8000
2026-07-31 22:23:55,722 http://localhost:8000 "GET /jobs/dd601362-39b9-4505-b475-04cf6a542738 HTTP/1.1" 200 352
2026-07-31 22:23:56,727 Starting new HTTP connection (1): localhost:8000
2026-07-31 22:23:56,738 http://localhost:8000 "GET /jobs/dd601362-39b9-4505-b475-04cf6a542738 HTTP/1.1" 200 352
2026-07-31 22:23:57,768 Starting new HTTP connection (1): localhost:8000
2026-07-31 22:23:57,779 http://localhost:8000 "GET /jobs/dd601362-39b9-4505-b475-04cf6a542738 HTTP/1.1" 200 352
2026-07-31 22:23:58,786 Starting new HTTP connection (1): localhost:8000
2026-07-31 22:23:58,814 http://localhost:8000 "GET /jobs/dd601362-39b9-4505-b475-04cf6a542738 HTTP/1.1" 200 352
2026-07-31 22:23:59,819 Starting new HTTP connection (1): localhost:8000
2026-07-31 22:23:59,827 http://localhost:8000 "GET /jobs/dd601362-39b9-4505-b475-04cf6a542738 HTTP/1.1" 200 352
2026-07-31 22:24:00,830 Starting new HTTP connection (1): localhost:8000
2026-07-31 22:24:00,858 http://localhost:8000 "GET /jobs/dd601362-39b9-4505-b475-04cf6a542738 HTTP/1.1" 200 352
2026-07-31 22:24:01,870 Starting new HTTP connection (1): localhost:8000
2026-07-31 22:24:01,882 http://localhost:8000 "GET /jobs/dd601362-39b9-4505-b475-04cf6a542738 HTTP/1.1" 200 352
2026-07-31 22:24:02,888 Starting new HTTP connection (1): localhost:8000
2026-07-31 22:24:02,894 http://localhost:8000 "GET /jobs/dd601362-39b9-4505-b475-04cf6a542738 HTTP/1.1" 200 352
2026-07-31 22:24:03,903 Starting new HTTP connection (1): localhost:8000
2026-07-31 22:24:03,912 http://localhost:8000 "GET /jobs/dd601362-39b9-4505-b475-04cf6a542738 HTTP/1.1" 200 352
2026-07-31 22:24:04,918 Starting new HTTP connection (1): localhost:8000
2026-07-31 22:24:04,931 http://localhost:8000 "GET /jobs/dd601362-39b9-4505-b475-04cf6a542738 HTTP/1.1" 200 352
2026-07-31 22:24:05,942 Starting new HTTP connection (1): localhost:8000
2026-07-31 22:24:05,969 http://localhost:8000 "GET /jobs/dd601362-39b9-4505-b475-04cf6a542738 HTTP/1.1" 200 352
2026-07-31 22:24:06,971 Starting new HTTP connection (1): localhost:8000
2026-07-31 22:24:07,010 http://localhost:8000 "GET /jobs/dd601362-39b9-4505-b475-04cf6a542738 HTTP/1.1" 200 352
2026-07-31 22:24:08,021 Starting new HTTP connection (1): localhost:8000
2026-07-31 22:24:08,044 http://localhost:8000 "GET /jobs/dd601362-39b9-4505-b475-04cf6a542738 HTTP/1.1" 200 352
2026-07-31 22:24:09,049 Starting new HTTP connection (1): localhost:8000
2026-07-31 22:24:09,073 http://localhost:8000 "GET /jobs/dd601362-39b9-4505-b475-04cf6a542738 HTTP/1.1" 200 352
2026-07-31 22:24:10,076 Starting new HTTP connection (1): localhost:8000
2026-07-31 22:24:10,092 http://localhost:8000 "GET /jobs/dd601362-39b9-4505-b475-04cf6a542738 HTTP/1.1" 200 352
2026-07-31 22:24:11,098 Starting new HTTP connection (1): localhost:8000
2026-07-31 22:24:11,118 http://localhost:8000 "GET /jobs/dd601362-39b9-4505-b475-04cf6a542738 HTTP/1.1" 200 351
2026-07-31 22:24:12,120 Starting new HTTP connection (1): localhost:8000
2026-07-31 22:24:12,131 http://localhost:8000 "GET /jobs/dd601362-39b9-4505-b475-04cf6a542738 HTTP/1.1" 200 351
2026-07-31 22:24:13,136 Starting new HTTP connection (1): localhost:8000
2026-07-31 22:24:13,145 http://localhost:8000 "GET /jobs/dd601362-39b9-4505-b475-04cf6a542738 HTTP/1.1" 200 351
2026-07-31 22:24:14,151 Starting new HTTP connection (1): localhost:8000
2026-07-31 22:24:14,166 http://localhost:8000 "GET /jobs/dd601362-39b9-4505-b475-04cf6a542738 HTTP/1.1" 200 351
2026-07-31 22:24:15,172 Starting new HTTP connection (1): localhost:8000
2026-07-31 22:24:15,194 http://localhost:8000 "GET /jobs/dd601362-39b9-4505-b475-04cf6a542738 HTTP/1.1" 200 351
2026-07-31 22:24:16,199 Starting new HTTP connection (1): localhost:8000
2026-07-31 22:24:16,208 http://localhost:8000 "GET /jobs/dd601362-39b9-4505-b475-04cf6a542738 HTTP/1.1" 200 352
2026-07-31 22:24:17,215 Starting new HTTP connection (1): localhost:8000
2026-07-31 22:24:17,230 http://localhost:8000 "GET /jobs/dd601362-39b9-4505-b475-04cf6a542738 HTTP/1.1" 200 352
2026-07-31 22:24:18,238 Starting new HTTP connection (1): localhost:8000
2026-07-31 22:24:18,265 http://localhost:8000 "GET /jobs/dd601362-39b9-4505-b475-04cf6a542738 HTTP/1.1" 200 352
2026-07-31 22:24:19,272 Starting new HTTP connection (1): localhost:8000
2026-07-31 22:24:19,273 http://localhost:8000 "GET /jobs/dd601362-39b9-4505-b475-04cf6a542738 HTTP/1.1" 200 352
2026-07-31 22:24:20,290 Starting new HTTP connection (1): localhost:8000
2026-07-31 22:24:20,302 http://localhost:8000 "GET /jobs/dd601362-39b9-4505-b475-04cf6a542738 HTTP/1.1" 200 352
2026-07-31 22:24:21,310 Starting new HTTP connection (1): localhost:8000
2026-07-31 22:24:21,317 http://localhost:8000 "GET /jobs/dd601362-39b9-4505-b475-04cf6a542738 HTTP/1.1" 200 352
2026-07-31 22:24:22,324 Starting new HTTP connection (1): localhost:8000
2026-07-31 22:24:22,353 http://localhost:8000 "GET /jobs/dd601362-39b9-4505-b475-04cf6a542738 HTTP/1.1" 200 352
2026-07-31 22:24:23,363 Starting new HTTP connection (1): localhost:8000
2026-07-31 22:24:23,374 http://localhost:8000 "GET /jobs/dd601362-39b9-4505-b475-04cf6a542738 HTTP/1.1" 200 352
2026-07-31 22:24:24,381 Starting new HTTP connection (1): localhost:8000
2026-07-31 22:24:24,493 http://localhost:8000 "GET /jobs/dd601362-39b9-4505-b475-04cf6a542738 HTTP/1.1" 200 352
2026-07-31 22:24:25,499 Starting new HTTP connection (1): localhost:8000
2026-07-31 22:24:25,521 http://localhost:8000 "GET /jobs/dd601362-39b9-4505-b475-04cf6a542738 HTTP/1.1" 200 352
2026-07-31 22:24:26,537 Starting new HTTP connection (1): localhost:8000
2026-07-31 22:24:26,656 http://localhost:8000 "GET /jobs/dd601362-39b9-4505-b475-04cf6a542738 HTTP/1.1" 200 352
2026-07-31 22:24:27,664 Starting new HTTP connection (1): localhost:8000
2026-07-31 22:24:27,707 http://localhost:8000 "GET /jobs/dd601362-39b9-4505-b475-04cf6a542738 HTTP/1.1" 200 352
2026-07-31 22:24:28,711 Starting new HTTP connection (1): localhost:8000
2026-07-31 22:24:28,725 http://localhost:8000 "GET /jobs/dd601362-39b9-4505-b475-04cf6a542738 HTTP/1.1" 200 352
2026-07-31 22:24:29,733 Starting new HTTP connection (1): localhost:8000
2026-07-31 22:24:29,742 http://localhost:8000 "GET /jobs/dd601362-39b9-4505-b475-04cf6a542738 HTTP/1.1" 200 352
2026-07-31 22:24:30,756 Starting new HTTP connection (1): localhost:8000
2026-07-31 22:24:30,761 http://localhost:8000 "GET /jobs/dd601362-39b9-4505-b475-04cf6a542738 HTTP/1.1" 200 352
2026-07-31 22:24:31,769 Starting new HTTP connection (1): localhost:8000
2026-07-31 22:24:31,776 http://localhost:8000 "GET /jobs/dd601362-39b9-4505-b475-04cf6a542738 HTTP/1.1" 200 352
2026-07-31 22:24:32,779 Starting new HTTP connection (1): localhost:8000
2026-07-31 22:24:32,788 http://localhost:8000 "GET /jobs/dd601362-39b9-4505-b475-04cf6a542738 HTTP/1.1" 200 352
2026-07-31 22:24:33,793 Starting new HTTP connection (1): localhost:8000
2026-07-31 22:24:33,845 http://localhost:8000 "GET /jobs/dd601362-39b9-4505-b475-04cf6a542738 HTTP/1.1" 200 352
2026-07-31 22:24:34,855 Starting new HTTP connection (1): localhost:8000
2026-07-31 22:24:34,879 http://localhost:8000 "GET /jobs/dd601362-39b9-4505-b475-04cf6a542738 HTTP/1.1" 200 352
2026-07-31 22:24:35,883 Starting new HTTP connection (1): localhost:8000
2026-07-31 22:24:35,894 http://localhost:8000 "GET /jobs/dd601362-39b9-4505-b475-04cf6a542738 HTTP/1.1" 200 351
2026-07-31 22:24:36,898 Starting new HTTP connection (1): localhost:8000
2026-07-31 22:24:36,909 http://localhost:8000 "GET /jobs/dd601362-39b9-4505-b475-04cf6a542738 HTTP/1.1" 200 352
2026-07-31 22:24:37,914 Starting new HTTP connection (1): localhost:8000
2026-07-31 22:24:37,938 http://localhost:8000 "GET /jobs/dd601362-39b9-4505-b475-04cf6a542738 HTTP/1.1" 200 352
2026-07-31 22:24:38,943 Starting new HTTP connection (1): localhost:8000
2026-07-31 22:24:38,952 http://localhost:8000 "GET /jobs/dd601362-39b9-4505-b475-04cf6a542738 HTTP/1.1" 200 352
2026-07-31 22:24:39,957 Starting new HTTP connection (1): localhost:8000
2026-07-31 22:24:39,974 http://localhost:8000 "GET /jobs/dd601362-39b9-4505-b475-04cf6a542738 HTTP/1.1" 200 352
2026-07-31 22:24:40,980 Starting new HTTP connection (1): localhost:8000
2026-07-31 22:24:41,674 http://localhost:8000 "GET /jobs/dd601362-39b9-4505-b475-04cf6a542738 HTTP/1.1" 200 352
2026-07-31 22:24:42,680 Starting new HTTP connection (1): localhost:8000
2026-07-31 22:24:42,714 http://localhost:8000 "GET /jobs/dd601362-39b9-4505-b475-04cf6a542738 HTTP/1.1" 200 352
2026-07-31 22:24:43,718 Starting new HTTP connection (1): localhost:8000
2026-07-31 22:24:43,727 http://localhost:8000 "GET /jobs/dd601362-39b9-4505-b475-04cf6a542738 HTTP/1.1" 200 352
2026-07-31 22:24:44,731 Starting new HTTP connection (1): localhost:8000
2026-07-31 22:24:44,751 http://localhost:8000 "GET /jobs/dd601362-39b9-4505-b475-04cf6a542738 HTTP/1.1" 200 352
2026-07-31 22:24:45,757 Starting new HTTP connection (1): localhost:8000
2026-07-31 22:24:45,766 http://localhost:8000 "GET /jobs/dd601362-39b9-4505-b475-04cf6a542738 HTTP/1.1" 200 352
2026-07-31 22:24:46,770 Starting new HTTP connection (1): localhost:8000
2026-07-31 22:24:46,803 http://localhost:8000 "GET /jobs/dd601362-39b9-4505-b475-04cf6a542738 HTTP/1.1" 200 352
2026-07-31 22:24:47,808 Starting new HTTP connection (1): localhost:8000
2026-07-31 22:24:47,818 http://localhost:8000 "GET /jobs/dd601362-39b9-4505-b475-04cf6a542738 HTTP/1.1" 200 352
2026-07-31 22:24:48,823 Starting new HTTP connection (1): localhost:8000
2026-07-31 22:24:48,837 http://localhost:8000 "GET /jobs/dd601362-39b9-4505-b475-04cf6a542738 HTTP/1.1" 200 352
2026-07-31 22:24:49,844 Starting new HTTP connection (1): localhost:8000
2026-07-31 22:24:49,852 http://localhost:8000 "GET /jobs/dd601362-39b9-4505-b475-04cf6a542738 HTTP/1.1" 200 339
2026-07-31 22:24:50,857 Starting new HTTP connection (1): localhost:8000
2026-07-31 22:24:50,864 http://localhost:8000 "GET /jobs/dd601362-39b9-4505-b475-04cf6a542738 HTTP/1.1" 200 339
2026-07-31 22:24:51,868 Starting new HTTP connection (1): localhost:8000
2026-07-31 22:24:51,878 http://localhost:8000 "GET /jobs/dd601362-39b9-4505-b475-04cf6a542738 HTTP/1.1" 200 352
2026-07-31 22:24:52,882 Starting new HTTP connection (1): localhost:8000
2026-07-31 22:24:52,891 http://localhost:8000 "GET /jobs/dd601362-39b9-4505-b475-04cf6a542738 HTTP/1.1" 200 352
2026-07-31 22:24:53,900 Starting new HTTP connection (1): localhost:8000
2026-07-31 22:24:53,909 http://localhost:8000 "GET /jobs/dd601362-39b9-4505-b475-04cf6a542738 HTTP/1.1" 200 352
2026-07-31 22:24:54,912 Starting new HTTP connection (1): localhost:8000
2026-07-31 22:24:54,919 http://localhost:8000 "GET /jobs/dd601362-39b9-4505-b475-04cf6a542738 HTTP/1.1" 200 352
2026-07-31 22:24:55,925 Starting new HTTP connection (1): localhost:8000
2026-07-31 22:24:55,952 http://localhost:8000 "GET /jobs/dd601362-39b9-4505-b475-04cf6a542738 HTTP/1.1" 200 352
2026-07-31 22:24:56,956 Starting new HTTP connection (1): localhost:8000
2026-07-31 22:24:56,972 http://localhost:8000 "GET /jobs/dd601362-39b9-4505-b475-04cf6a542738 HTTP/1.1" 200 351
2026-07-31 22:24:57,977 Starting new HTTP connection (1): localhost:8000
2026-07-31 22:24:57,984 http://localhost:8000 "GET /jobs/dd601362-39b9-4505-b475-04cf6a542738 HTTP/1.1" 200 351
2026-07-31 22:24:58,991 Starting new HTTP connection (1): localhost:8000
2026-07-31 22:24:58,999 http://localhost:8000 "GET /jobs/dd601362-39b9-4505-b475-04cf6a542738 HTTP/1.1" 200 351
2026-07-31 22:25:00,005 Starting new HTTP connection (1): localhost:8000
2026-07-31 22:25:00,401 http://localhost:8000 "GET /jobs/dd601362-39b9-4505-b475-04cf6a542738 HTTP/1.1" 200 351
2026-07-31 22:25:01,406 Starting new HTTP connection (1): localhost:8000
2026-07-31 22:25:01,834 http://localhost:8000 "GET /jobs/dd601362-39b9-4505-b475-04cf6a542738 HTTP/1.1" 200 351
2026-07-31 22:25:02,839 Starting new HTTP connection (1): localhost:8000
2026-07-31 22:25:02,850 http://localhost:8000 "GET /jobs/dd601362-39b9-4505-b475-04cf6a542738 HTTP/1.1" 200 351
2026-07-31 22:25:03,856 Starting new HTTP connection (1): localhost:8000
2026-07-31 22:25:03,864 http://localhost:8000 "GET /jobs/dd601362-39b9-4505-b475-04cf6a542738 HTTP/1.1" 200 351
2026-07-31 22:25:04,870 Starting new HTTP connection (1): localhost:8000
2026-07-31 22:25:04,890 http://localhost:8000 "GET /jobs/dd601362-39b9-4505-b475-04cf6a542738 HTTP/1.1" 200 351
2026-07-31 22:25:05,895 Starting new HTTP connection (1): localhost:8000
2026-07-31 22:25:05,908 http://localhost:8000 "GET /jobs/dd601362-39b9-4505-b475-04cf6a542738 HTTP/1.1" 200 351
2026-07-31 22:25:06,914 Starting new HTTP connection (1): localhost:8000
2026-07-31 22:25:06,945 http://localhost:8000 "GET /jobs/dd601362-39b9-4505-b475-04cf6a542738 HTTP/1.1" 200 351
2026-07-31 22:25:07,951 Starting new HTTP connection (1): localhost:8000
2026-07-31 22:25:08,018 http://localhost:8000 "GET /jobs/dd601362-39b9-4505-b475-04cf6a542738 HTTP/1.1" 200 351
2026-07-31 22:25:09,026 Starting new HTTP connection (1): localhost:8000
2026-07-31 22:25:09,036 http://localhost:8000 "GET /jobs/dd601362-39b9-4505-b475-04cf6a542738 HTTP/1.1" 200 352
2026-07-31 22:25:10,041 Starting new HTTP connection (1): localhost:8000
2026-07-31 22:25:10,059 http://localhost:8000 "GET /jobs/dd601362-39b9-4505-b475-04cf6a542738 HTTP/1.1" 200 352
2026-07-31 22:25:11,068 Starting new HTTP connection (1): localhost:8000
2026-07-31 22:25:11,084 http://localhost:8000 "GET /jobs/dd601362-39b9-4505-b475-04cf6a542738 HTTP/1.1" 200 352
2026-07-31 22:25:12,088 Starting new HTTP connection (1): localhost:8000
2026-07-31 22:25:12,096 http://localhost:8000 "GET /jobs/dd601362-39b9-4505-b475-04cf6a542738 HTTP/1.1" 200 352
2026-07-31 22:25:13,101 Starting new HTTP connection (1): localhost:8000
2026-07-31 22:25:13,129 http://localhost:8000 "GET /jobs/dd601362-39b9-4505-b475-04cf6a542738 HTTP/1.1" 200 352
2026-07-31 22:25:14,134 Starting new HTTP connection (1): localhost:8000
2026-07-31 22:25:14,169 http://localhost:8000 "GET /jobs/dd601362-39b9-4505-b475-04cf6a542738 HTTP/1.1" 200 352
2026-07-31 22:25:15,174 Starting new HTTP connection (1): localhost:8000
2026-07-31 22:25:15,184 http://localhost:8000 "GET /jobs/dd601362-39b9-4505-b475-04cf6a542738 HTTP/1.1" 200 352
2026-07-31 22:25:16,188 Starting new HTTP connection (1): localhost:8000
2026-07-31 22:25:16,200 http://localhost:8000 "GET /jobs/dd601362-39b9-4505-b475-04cf6a542738 HTTP/1.1" 200 352
2026-07-31 22:25:17,205 Starting new HTTP connection (1): localhost:8000
2026-07-31 22:25:17,213 http://localhost:8000 "GET /jobs/dd601362-39b9-4505-b475-04cf6a542738 HTTP/1.1" 200 352
2026-07-31 22:25:18,218 Starting new HTTP connection (1): localhost:8000
2026-07-31 22:25:18,239 http://localhost:8000 "GET /jobs/dd601362-39b9-4505-b475-04cf6a542738 HTTP/1.1" 200 352
2026-07-31 22:25:19,244 Starting new HTTP connection (1): localhost:8000
2026-07-31 22:25:19,265 http://localhost:8000 "GET /jobs/dd601362-39b9-4505-b475-04cf6a542738 HTTP/1.1" 200 352
2026-07-31 22:25:20,271 Starting new HTTP connection (1): localhost:8000
2026-07-31 22:25:20,307 http://localhost:8000 "GET /jobs/dd601362-39b9-4505-b475-04cf6a542738 HTTP/1.1" 200 352
2026-07-31 22:25:21,313 Starting new HTTP connection (1): localhost:8000
2026-07-31 22:25:21,334 http://localhost:8000 "GET /jobs/dd601362-39b9-4505-b475-04cf6a542738 HTTP/1.1" 200 352
2026-07-31 22:25:22,339 Starting new HTTP connection (1): localhost:8000
2026-07-31 22:25:22,361 http://localhost:8000 "GET /jobs/dd601362-39b9-4505-b475-04cf6a542738 HTTP/1.1" 200 352
2026-07-31 22:25:23,366 Starting new HTTP connection (1): localhost:8000
2026-07-31 22:25:23,378 http://localhost:8000 "GET /jobs/dd601362-39b9-4505-b475-04cf6a542738 HTTP/1.1" 200 352
2026-07-31 22:25:24,383 Starting new HTTP connection (1): localhost:8000
2026-07-31 22:25:24,416 http://localhost:8000 "GET /jobs/dd601362-39b9-4505-b475-04cf6a542738 HTTP/1.1" 200 352
2026-07-31 22:25:25,423 Starting new HTTP connection (1): localhost:8000
2026-07-31 22:25:25,438 http://localhost:8000 "GET /jobs/dd601362-39b9-4505-b475-04cf6a542738 HTTP/1.1" 200 352
2026-07-31 22:25:26,445 Starting new HTTP connection (1): localhost:8000
2026-07-31 22:25:26,510 http://localhost:8000 "GET /jobs/dd601362-39b9-4505-b475-04cf6a542738 HTTP/1.1" 200 352
2026-07-31 22:25:27,515 Starting new HTTP connection (1): localhost:8000
2026-07-31 22:25:27,536 http://localhost:8000 "GET /jobs/dd601362-39b9-4505-b475-04cf6a542738 HTTP/1.1" 200 352
2026-07-31 22:25:28,542 Starting new HTTP connection (1): localhost:8000
2026-07-31 22:25:28,551 http://localhost:8000 "GET /jobs/dd601362-39b9-4505-b475-04cf6a542738 HTTP/1.1" 200 352
2026-07-31 22:25:29,555 Starting new HTTP connection (1): localhost:8000
2026-07-31 22:25:29,565 http://localhost:8000 "GET /jobs/dd601362-39b9-4505-b475-04cf6a542738 HTTP/1.1" 200 352
2026-07-31 22:25:30,568 Starting new HTTP connection (1): localhost:8000
2026-07-31 22:25:30,591 http://localhost:8000 "GET /jobs/dd601362-39b9-4505-b475-04cf6a542738 HTTP/1.1" 200 351
2026-07-31 22:25:31,594 Starting new HTTP connection (1): localhost:8000
2026-07-31 22:25:31,603 http://localhost:8000 "GET /jobs/dd601362-39b9-4505-b475-04cf6a542738 HTTP/1.1" 200 351
2026-07-31 22:25:32,605 Starting new HTTP connection (1): localhost:8000
2026-07-31 22:25:32,638 http://localhost:8000 "GET /jobs/dd601362-39b9-4505-b475-04cf6a542738 HTTP/1.1" 200 352
2026-07-31 22:25:33,644 Starting new HTTP connection (1): localhost:8000
2026-07-31 22:25:33,653 http://localhost:8000 "GET /jobs/dd601362-39b9-4505-b475-04cf6a542738 HTTP/1.1" 200 352
2026-07-31 22:25:34,659 Starting new HTTP connection (1): localhost:8000
2026-07-31 22:25:34,668 http://localhost:8000 "GET /jobs/dd601362-39b9-4505-b475-04cf6a542738 HTTP/1.1" 200 352
2026-07-31 22:25:35,671 Starting new HTTP connection (1): localhost:8000
2026-07-31 22:25:35,684 http://localhost:8000 "GET /jobs/dd601362-39b9-4505-b475-04cf6a542738 HTTP/1.1" 200 352
2026-07-31 22:25:36,692 Starting new HTTP connection (1): localhost:8000
2026-07-31 22:25:36,704 http://localhost:8000 "GET /jobs/dd601362-39b9-4505-b475-04cf6a542738 HTTP/1.1" 200 352
2026-07-31 22:25:37,710 Starting new HTTP connection (1): localhost:8000
2026-07-31 22:25:37,715 http://localhost:8000 "GET /jobs/dd601362-39b9-4505-b475-04cf6a542738 HTTP/1.1" 200 352
2026-07-31 22:25:38,720 Starting new HTTP connection (1): localhost:8000
2026-07-31 22:25:38,730 http://localhost:8000 "GET /jobs/dd601362-39b9-4505-b475-04cf6a542738 HTTP/1.1" 200 352
2026-07-31 22:25:39,746 Starting new HTTP connection (1): localhost:8000
2026-07-31 22:25:40,015 http://localhost:8000 "GET /jobs/dd601362-39b9-4505-b475-04cf6a542738 HTTP/1.1" 200 352
2026-07-31 22:25:41,020 Starting new HTTP connection (1): localhost:8000
2026-07-31 22:25:41,038 http://localhost:8000 "GET /jobs/dd601362-39b9-4505-b475-04cf6a542738 HTTP/1.1" 200 352
2026-07-31 22:25:42,043 Starting new HTTP connection (1): localhost:8000
2026-07-31 22:25:42,053 http://localhost:8000 "GET /jobs/dd601362-39b9-4505-b475-04cf6a542738 HTTP/1.1" 200 352
2026-07-31 22:25:43,060 Starting new HTTP connection (1): localhost:8000
2026-07-31 22:25:43,061 http://localhost:8000 "GET /jobs/dd601362-39b9-4505-b475-04cf6a542738 HTTP/1.1" 200 352
2026-07-31 22:25:44,070 Starting new HTTP connection (1): localhost:8000
2026-07-31 22:25:44,080 http://localhost:8000 "GET /jobs/dd601362-39b9-4505-b475-04cf6a542738 HTTP/1.1" 200 352
2026-07-31 22:25:45,082 Starting new HTTP connection (1): localhost:8000
2026-07-31 22:25:45,092 http://localhost:8000 "GET /jobs/dd601362-39b9-4505-b475-04cf6a542738 HTTP/1.1" 200 352
2026-07-31 22:25:46,099 Starting new HTTP connection (1): localhost:8000
2026-07-31 22:25:46,109 http://localhost:8000 "GET /jobs/dd601362-39b9-4505-b475-04cf6a542738 HTTP/1.1" 200 352
2026-07-31 22:25:47,115 Starting new HTTP connection (1): localhost:8000
2026-07-31 22:25:47,121 http://localhost:8000 "GET /jobs/dd601362-39b9-4505-b475-04cf6a542738 HTTP/1.1" 200 352
2026-07-31 22:25:48,126 Starting new HTTP connection (1): localhost:8000
2026-07-31 22:25:48,134 http://localhost:8000 "GET /jobs/dd601362-39b9-4505-b475-04cf6a542738 HTTP/1.1" 200 352
2026-07-31 22:25:49,142 Starting new HTTP connection (1): localhost:8000
2026-07-31 22:25:49,156 http://localhost:8000 "GET /jobs/dd601362-39b9-4505-b475-04cf6a542738 HTTP/1.1" 200 352
2026-07-31 22:25:50,161 Starting new HTTP connection (1): localhost:8000
2026-07-31 22:25:50,169 http://localhost:8000 "GET /jobs/dd601362-39b9-4505-b475-04cf6a542738 HTTP/1.1" 200 352
2026-07-31 22:25:51,170 Starting new HTTP connection (1): localhost:8000
2026-07-31 22:25:51,180 http://localhost:8000 "GET /jobs/dd601362-39b9-4505-b475-04cf6a542738 HTTP/1.1" 200 352
2026-07-31 22:25:52,188 Starting new HTTP connection (1): localhost:8000
2026-07-31 22:25:52,192 http://localhost:8000 "GET /jobs/dd601362-39b9-4505-b475-04cf6a542738 HTTP/1.1" 200 352
2026-07-31 22:25:53,199 Starting new HTTP connection (1): localhost:8000
2026-07-31 22:25:53,275 http://localhost:8000 "GET /jobs/dd601362-39b9-4505-b475-04cf6a542738 HTTP/1.1" 200 352
2026-07-31 22:25:54,278 Starting new HTTP connection (1): localhost:8000
2026-07-31 22:25:54,293 http://localhost:8000 "GET /jobs/dd601362-39b9-4505-b475-04cf6a542738 HTTP/1.1" 200 352
2026-07-31 22:25:55,303 Starting new HTTP connection (1): localhost:8000
2026-07-31 22:25:55,317 http://localhost:8000 "GET /jobs/dd601362-39b9-4505-b475-04cf6a542738 HTTP/1.1" 200 352
2026-07-31 22:25:56,322 Starting new HTTP connection (1): localhost:8000
2026-07-31 22:25:56,359 http://localhost:8000 "GET /jobs/dd601362-39b9-4505-b475-04cf6a542738 HTTP/1.1" 200 352
2026-07-31 22:25:57,363 Starting new HTTP connection (1): localhost:8000
2026-07-31 22:25:57,404 http://localhost:8000 "GET /jobs/dd601362-39b9-4505-b475-04cf6a542738 HTTP/1.1" 200 352
2026-07-31 22:25:58,411 Starting new HTTP connection (1): localhost:8000
2026-07-31 22:25:58,577 http://localhost:8000 "GET /jobs/dd601362-39b9-4505-b475-04cf6a542738 HTTP/1.1" 200 352
2026-07-31 22:25:59,582 Starting new HTTP connection (1): localhost:8000
2026-07-31 22:25:59,592 http://localhost:8000 "GET /jobs/dd601362-39b9-4505-b475-04cf6a542738 HTTP/1.1" 200 352
2026-07-31 22:26:00,598 Starting new HTTP connection (1): localhost:8000
2026-07-31 22:26:00,631 http://localhost:8000 "GET /jobs/dd601362-39b9-4505-b475-04cf6a542738 HTTP/1.1" 200 352
2026-07-31 22:26:01,643 Starting new HTTP connection (1): localhost:8000
2026-07-31 22:26:01,650 http://localhost:8000 "GET /jobs/dd601362-39b9-4505-b475-04cf6a542738 HTTP/1.1" 200 352
2026-07-31 22:26:02,654 Starting new HTTP connection (1): localhost:8000
2026-07-31 22:26:02,664 http://localhost:8000 "GET /jobs/dd601362-39b9-4505-b475-04cf6a542738 HTTP/1.1" 200 351
2026-07-31 22:26:03,668 Starting new HTTP connection (1): localhost:8000
2026-07-31 22:26:03,676 http://localhost:8000 "GET /jobs/dd601362-39b9-4505-b475-04cf6a542738 HTTP/1.1" 200 351
2026-07-31 22:26:04,683 Starting new HTTP connection (1): localhost:8000
2026-07-31 22:26:04,712 http://localhost:8000 "GET /jobs/dd601362-39b9-4505-b475-04cf6a542738 HTTP/1.1" 200 351
2026-07-31 22:26:05,715 Starting new HTTP connection (1): localhost:8000
2026-07-31 22:26:05,794 http://localhost:8000 "GET /jobs/dd601362-39b9-4505-b475-04cf6a542738 HTTP/1.1" 200 351
2026-07-31 22:26:06,798 Starting new HTTP connection (1): localhost:8000
2026-07-31 22:26:06,812 http://localhost:8000 "GET /jobs/dd601362-39b9-4505-b475-04cf6a542738 HTTP/1.1" 200 351
2026-07-31 22:26:07,820 Starting new HTTP connection (1): localhost:8000
2026-07-31 22:26:07,838 http://localhost:8000 "GET /jobs/dd601362-39b9-4505-b475-04cf6a542738 HTTP/1.1" 200 351
2026-07-31 22:26:08,841 Starting new HTTP connection (1): localhost:8000
2026-07-31 22:26:08,857 http://localhost:8000 "GET /jobs/dd601362-39b9-4505-b475-04cf6a542738 HTTP/1.1" 200 351
2026-07-31 22:26:09,859 Starting new HTTP connection (1): localhost:8000
2026-07-31 22:26:09,882 http://localhost:8000 "GET /jobs/dd601362-39b9-4505-b475-04cf6a542738 HTTP/1.1" 200 351
2026-07-31 22:26:10,906 Starting new HTTP connection (1): localhost:8000
2026-07-31 22:26:10,927 http://localhost:8000 "GET /jobs/dd601362-39b9-4505-b475-04cf6a542738 HTTP/1.1" 200 351
2026-07-31 22:26:11,933 Starting new HTTP connection (1): localhost:8000
2026-07-31 22:26:12,100 http://localhost:8000 "GET /jobs/dd601362-39b9-4505-b475-04cf6a542738 HTTP/1.1" 200 351
2026-07-31 22:26:13,104 Starting new HTTP connection (1): localhost:8000
2026-07-31 22:26:13,117 http://localhost:8000 "GET /jobs/dd601362-39b9-4505-b475-04cf6a542738 HTTP/1.1" 200 351
2026-07-31 22:26:14,122 Starting new HTTP connection (1): localhost:8000
2026-07-31 22:26:14,136 http://localhost:8000 "GET /jobs/dd601362-39b9-4505-b475-04cf6a542738 HTTP/1.1" 200 352
2026-07-31 22:26:15,144 Starting new HTTP connection (1): localhost:8000
2026-07-31 22:26:15,163 http://localhost:8000 "GET /jobs/dd601362-39b9-4505-b475-04cf6a542738 HTTP/1.1" 200 352
2026-07-31 22:26:16,168 Starting new HTTP connection (1): localhost:8000
2026-07-31 22:26:16,203 http://localhost:8000 "GET /jobs/dd601362-39b9-4505-b475-04cf6a542738 HTTP/1.1" 200 352
2026-07-31 22:26:17,208 Starting new HTTP connection (1): localhost:8000
2026-07-31 22:26:17,224 http://localhost:8000 "GET /jobs/dd601362-39b9-4505-b475-04cf6a542738 HTTP/1.1" 200 352
2026-07-31 22:26:18,228 Starting new HTTP connection (1): localhost:8000
2026-07-31 22:26:18,259 http://localhost:8000 "GET /jobs/dd601362-39b9-4505-b475-04cf6a542738 HTTP/1.1" 200 352
2026-07-31 22:26:19,264 Starting new HTTP connection (1): localhost:8000
2026-07-31 22:26:19,377 http://localhost:8000 "GET /jobs/dd601362-39b9-4505-b475-04cf6a542738 HTTP/1.1" 200 352
2026-07-31 22:26:20,383 Starting new HTTP connection (1): localhost:8000
2026-07-31 22:26:20,410 http://localhost:8000 "GET /jobs/dd601362-39b9-4505-b475-04cf6a542738 HTTP/1.1" 200 352
2026-07-31 22:26:21,413 Starting new HTTP connection (1): localhost:8000
2026-07-31 22:26:21,436 http://localhost:8000 "GET /jobs/dd601362-39b9-4505-b475-04cf6a542738 HTTP/1.1" 200 352
2026-07-31 22:26:22,443 Starting new HTTP connection (1): localhost:8000
2026-07-31 22:26:22,466 http://localhost:8000 "GET /jobs/dd601362-39b9-4505-b475-04cf6a542738 HTTP/1.1" 200 352
2026-07-31 22:26:23,470 Starting new HTTP connection (1): localhost:8000
2026-07-31 22:26:23,480 http://localhost:8000 "GET /jobs/dd601362-39b9-4505-b475-04cf6a542738 HTTP/1.1" 200 352
2026-07-31 22:26:24,483 Starting new HTTP connection (1): localhost:8000
2026-07-31 22:26:24,493 http://localhost:8000 "GET /jobs/dd601362-39b9-4505-b475-04cf6a542738 HTTP/1.1" 200 352
2026-07-31 22:26:25,497 Starting new HTTP connection (1): localhost:8000
2026-07-31 22:26:25,515 http://localhost:8000 "GET /jobs/dd601362-39b9-4505-b475-04cf6a542738 HTTP/1.1" 200 340
2026-07-31 22:26:26,528 Starting new HTTP connection (1): localhost:8000
2026-07-31 22:26:26,546 http://localhost:8000 "GET /jobs/dd601362-39b9-4505-b475-04cf6a542738 HTTP/1.1" 200 352
2026-07-31 22:26:27,560 Starting new HTTP connection (1): localhost:8000
2026-07-31 22:26:27,573 http://localhost:8000 "GET /jobs/dd601362-39b9-4505-b475-04cf6a542738 HTTP/1.1" 200 352
2026-07-31 22:26:28,580 Starting new HTTP connection (1): localhost:8000
2026-07-31 22:26:28,589 http://localhost:8000 "GET /jobs/dd601362-39b9-4505-b475-04cf6a542738 HTTP/1.1" 200 352
2026-07-31 22:26:29,594 Starting new HTTP connection (1): localhost:8000
2026-07-31 22:26:29,622 http://localhost:8000 "GET /jobs/dd601362-39b9-4505-b475-04cf6a542738 HTTP/1.1" 200 352
2026-07-31 22:26:30,628 Starting new HTTP connection (1): localhost:8000
2026-07-31 22:26:30,645 http://localhost:8000 "GET /jobs/dd601362-39b9-4505-b475-04cf6a542738 HTTP/1.1" 200 352
2026-07-31 22:26:31,652 Starting new HTTP connection (1): localhost:8000
2026-07-31 22:26:31,697 http://localhost:8000 "GET /jobs/dd601362-39b9-4505-b475-04cf6a542738 HTTP/1.1" 200 352
2026-07-31 22:26:32,707 Starting new HTTP connection (1): localhost:8000
2026-07-31 22:26:32,728 http://localhost:8000 "GET /jobs/dd601362-39b9-4505-b475-04cf6a542738 HTTP/1.1" 200 352
2026-07-31 22:26:33,737 Starting new HTTP connection (1): localhost:8000
2026-07-31 22:26:33,760 http://localhost:8000 "GET /jobs/dd601362-39b9-4505-b475-04cf6a542738 HTTP/1.1" 200 352
2026-07-31 22:26:34,765 Starting new HTTP connection (1): localhost:8000
2026-07-31 22:26:34,775 http://localhost:8000 "GET /jobs/dd601362-39b9-4505-b475-04cf6a542738 HTTP/1.1" 200 352
2026-07-31 22:26:35,778 Starting new HTTP connection (1): localhost:8000
2026-07-31 22:26:35,790 http://localhost:8000 "GET /jobs/dd601362-39b9-4505-b475-04cf6a542738 HTTP/1.1" 200 352
2026-07-31 22:26:36,795 Starting new HTTP connection (1): localhost:8000
2026-07-31 22:26:36,810 http://localhost:8000 "GET /jobs/dd601362-39b9-4505-b475-04cf6a542738 HTTP/1.1" 200 351
2026-07-31 22:26:37,815 Starting new HTTP connection (1): localhost:8000
2026-07-31 22:26:37,831 http://localhost:8000 "GET /jobs/dd601362-39b9-4505-b475-04cf6a542738 HTTP/1.1" 200 352
2026-07-31 22:26:38,838 Starting new HTTP connection (1): localhost:8000
2026-07-31 22:26:38,860 http://localhost:8000 "GET /jobs/dd601362-39b9-4505-b475-04cf6a542738 HTTP/1.1" 200 352
2026-07-31 22:26:39,865 Starting new HTTP connection (1): localhost:8000
2026-07-31 22:26:39,884 http://localhost:8000 "GET /jobs/dd601362-39b9-4505-b475-04cf6a542738 HTTP/1.1" 200 352
2026-07-31 22:26:40,886 Starting new HTTP connection (1): localhost:8000
2026-07-31 22:26:40,904 http://localhost:8000 "GET /jobs/dd601362-39b9-4505-b475-04cf6a542738 HTTP/1.1" 200 352
2026-07-31 22:26:41,908 Starting new HTTP connection (1): localhost:8000
2026-07-31 22:26:41,919 http://localhost:8000 "GET /jobs/dd601362-39b9-4505-b475-04cf6a542738 HTTP/1.1" 200 352
2026-07-31 22:26:42,925 Starting new HTTP connection (1): localhost:8000
2026-07-31 22:26:42,937 http://localhost:8000 "GET /jobs/dd601362-39b9-4505-b475-04cf6a542738 HTTP/1.1" 200 352
2026-07-31 22:26:43,942 Starting new HTTP connection (1): localhost:8000
2026-07-31 22:26:43,950 http://localhost:8000 "GET /jobs/dd601362-39b9-4505-b475-04cf6a542738 HTTP/1.1" 200 352
2026-07-31 22:26:44,955 Starting new HTTP connection (1): localhost:8000
2026-07-31 22:26:44,966 http://localhost:8000 "GET /jobs/dd601362-39b9-4505-b475-04cf6a542738 HTTP/1.1" 200 352
2026-07-31 22:26:45,971 Starting new HTTP connection (1): localhost:8000
2026-07-31 22:26:46,053 http://localhost:8000 "GET /jobs/dd601362-39b9-4505-b475-04cf6a542738 HTTP/1.1" 200 352
2026-07-31 22:26:47,061 Starting new HTTP connection (1): localhost:8000
2026-07-31 22:26:47,075 http://localhost:8000 "GET /jobs/dd601362-39b9-4505-b475-04cf6a542738 HTTP/1.1" 200 352
2026-07-31 22:26:48,078 Starting new HTTP connection (1): localhost:8000
2026-07-31 22:26:48,088 http://localhost:8000 "GET /jobs/dd601362-39b9-4505-b475-04cf6a542738 HTTP/1.1" 200 352
2026-07-31 22:26:49,092 Starting new HTTP connection (1): localhost:8000
2026-07-31 22:26:49,103 http://localhost:8000 "GET /jobs/dd601362-39b9-4505-b475-04cf6a542738 HTTP/1.1" 200 352
2026-07-31 22:26:50,108 Starting new HTTP connection (1): localhost:8000
2026-07-31 22:26:50,118 http://localhost:8000 "GET /jobs/dd601362-39b9-4505-b475-04cf6a542738 HTTP/1.1" 200 352
2026-07-31 22:26:51,122 Starting new HTTP connection (1): localhost:8000
2026-07-31 22:26:51,129 http://localhost:8000 "GET /jobs/dd601362-39b9-4505-b475-04cf6a542738 HTTP/1.1" 200 352
2026-07-31 22:26:52,134 Starting new HTTP connection (1): localhost:8000
2026-07-31 22:26:52,142 http://localhost:8000 "GET /jobs/dd601362-39b9-4505-b475-04cf6a542738 HTTP/1.1" 200 352
2026-07-31 22:26:53,148 Starting new HTTP connection (1): localhost:8000
2026-07-31 22:26:53,161 http://localhost:8000 "GET /jobs/dd601362-39b9-4505-b475-04cf6a542738 HTTP/1.1" 200 352
2026-07-31 22:26:54,170 Starting new HTTP connection (1): localhost:8000
2026-07-31 22:26:54,197 http://localhost:8000 "GET /jobs/dd601362-39b9-4505-b475-04cf6a542738 HTTP/1.1" 200 352
2026-07-31 22:26:55,203 Starting new HTTP connection (1): localhost:8000
2026-07-31 22:26:55,213 http://localhost:8000 "GET /jobs/dd601362-39b9-4505-b475-04cf6a542738 HTTP/1.1" 200 352
2026-07-31 22:26:56,218 Starting new HTTP connection (1): localhost:8000
2026-07-31 22:26:56,229 http://localhost:8000 "GET /jobs/dd601362-39b9-4505-b475-04cf6a542738 HTTP/1.1" 200 352
2026-07-31 22:26:57,237 Starting new HTTP connection (1): localhost:8000
2026-07-31 22:26:57,255 http://localhost:8000 "GET /jobs/dd601362-39b9-4505-b475-04cf6a542738 HTTP/1.1" 200 352
2026-07-31 22:26:58,264 Starting new HTTP connection (1): localhost:8000
2026-07-31 22:26:58,272 http://localhost:8000 "GET /jobs/dd601362-39b9-4505-b475-04cf6a542738 HTTP/1.1" 200 352
2026-07-31 22:26:59,278 Starting new HTTP connection (1): localhost:8000
2026-07-31 22:26:59,297 http://localhost:8000 "GET /jobs/dd601362-39b9-4505-b475-04cf6a542738 HTTP/1.1" 200 352
2026-07-31 22:27:00,304 Starting new HTTP connection (1): localhost:8000
2026-07-31 22:27:00,324 http://localhost:8000 "GET /jobs/dd601362-39b9-4505-b475-04cf6a542738 HTTP/1.1" 200 351
2026-07-31 22:27:01,329 Starting new HTTP connection (1): localhost:8000
2026-07-31 22:27:01,348 http://localhost:8000 "GET /jobs/dd601362-39b9-4505-b475-04cf6a542738 HTTP/1.1" 200 352
2026-07-31 22:27:02,352 Starting new HTTP connection (1): localhost:8000
2026-07-31 22:27:02,375 http://localhost:8000 "GET /jobs/dd601362-39b9-4505-b475-04cf6a542738 HTTP/1.1" 200 352
2026-07-31 22:27:03,381 Starting new HTTP connection (1): localhost:8000
2026-07-31 22:27:03,400 http://localhost:8000 "GET /jobs/dd601362-39b9-4505-b475-04cf6a542738 HTTP/1.1" 200 352
2026-07-31 22:27:04,404 Starting new HTTP connection (1): localhost:8000
2026-07-31 22:27:04,427 http://localhost:8000 "GET /jobs/dd601362-39b9-4505-b475-04cf6a542738 HTTP/1.1" 200 352
2026-07-31 22:27:05,432 Starting new HTTP connection (1): localhost:8000
2026-07-31 22:27:05,451 http://localhost:8000 "GET /jobs/dd601362-39b9-4505-b475-04cf6a542738 HTTP/1.1" 200 352
2026-07-31 22:27:06,455 Starting new HTTP connection (1): localhost:8000
2026-07-31 22:27:06,464 http://localhost:8000 "GET /jobs/dd601362-39b9-4505-b475-04cf6a542738 HTTP/1.1" 200 352
2026-07-31 22:27:07,468 Starting new HTTP connection (1): localhost:8000
2026-07-31 22:27:07,488 http://localhost:8000 "GET /jobs/dd601362-39b9-4505-b475-04cf6a542738 HTTP/1.1" 200 352
2026-07-31 22:27:08,493 Starting new HTTP connection (1): localhost:8000
2026-07-31 22:27:08,515 http://localhost:8000 "GET /jobs/dd601362-39b9-4505-b475-04cf6a542738 HTTP/1.1" 200 352
2026-07-31 22:27:09,520 Starting new HTTP connection (1): localhost:8000
2026-07-31 22:27:09,537 http://localhost:8000 "GET /jobs/dd601362-39b9-4505-b475-04cf6a542738 HTTP/1.1" 200 352
2026-07-31 22:27:10,543 Starting new HTTP connection (1): localhost:8000
2026-07-31 22:27:10,555 http://localhost:8000 "GET /jobs/dd601362-39b9-4505-b475-04cf6a542738 HTTP/1.1" 200 352
2026-07-31 22:27:11,560 Starting new HTTP connection (1): localhost:8000
2026-07-31 22:27:11,568 http://localhost:8000 "GET /jobs/dd601362-39b9-4505-b475-04cf6a542738 HTTP/1.1" 200 352
2026-07-31 22:27:12,574 Starting new HTTP connection (1): localhost:8000
2026-07-31 22:27:12,594 http://localhost:8000 "GET /jobs/dd601362-39b9-4505-b475-04cf6a542738 HTTP/1.1" 200 352
2026-07-31 22:27:13,599 Starting new HTTP connection (1): localhost:8000
2026-07-31 22:27:13,613 http://localhost:8000 "GET /jobs/dd601362-39b9-4505-b475-04cf6a542738 HTTP/1.1" 200 352
2026-07-31 22:31:36,321 watchdog started, watching PID 35516
2026-07-31 22:31:37,051 Starting new HTTP connection (1): localhost:8000
2026-07-31 22:31:37,112 http://localhost:8000 "GET /jobs/health-check-dummy HTTP/1.1" 404 26
2026-07-31 22:32:09,703 Starting new HTTP connection (1): localhost:8000
2026-07-31 22:32:09,789 http://localhost:8000 "POST /jobs HTTP/1.1" 201 293
2026-07-31 22:32:12,793 Starting new HTTP connection (1): localhost:8000
2026-07-31 22:32:12,802 http://localhost:8000 "GET /jobs/c282b4a4-1fd0-4168-8825-873f3d098a6b HTTP/1.1" 200 328
2026-07-31 22:32:15,807 Starting new HTTP connection (1): localhost:8000
2026-07-31 22:32:15,817 http://localhost:8000 "GET /jobs/c282b4a4-1fd0-4168-8825-873f3d098a6b HTTP/1.1" 200 328
2026-07-31 22:32:18,822 Starting new HTTP connection (1): localhost:8000
2026-07-31 22:32:18,832 http://localhost:8000 "GET /jobs/c282b4a4-1fd0-4168-8825-873f3d098a6b HTTP/1.1" 200 328
2026-07-31 22:32:21,838 Starting new HTTP connection (1): localhost:8000
2026-07-31 22:32:22,028 http://localhost:8000 "GET /jobs/c282b4a4-1fd0-4168-8825-873f3d098a6b HTTP/1.1" 200 348
2026-07-31 22:32:25,032 Starting new HTTP connection (1): localhost:8000
2026-07-31 22:32:25,049 http://localhost:8000 "GET /jobs/c282b4a4-1fd0-4168-8825-873f3d098a6b HTTP/1.1" 200 348
2026-07-31 22:32:28,054 Starting new HTTP connection (1): localhost:8000
2026-07-31 22:32:28,065 http://localhost:8000 "GET /jobs/c282b4a4-1fd0-4168-8825-873f3d098a6b HTTP/1.1" 200 348
2026-07-31 22:32:31,070 Starting new HTTP connection (1): localhost:8000
2026-07-31 22:32:31,081 http://localhost:8000 "GET /jobs/c282b4a4-1fd0-4168-8825-873f3d098a6b HTTP/1.1" 200 348
2026-07-31 22:32:34,088 Starting new HTTP connection (1): localhost:8000
2026-07-31 22:32:34,099 http://localhost:8000 "GET /jobs/c282b4a4-1fd0-4168-8825-873f3d098a6b HTTP/1.1" 200 348
2026-07-31 22:32:37,102 Starting new HTTP connection (1): localhost:8000
2026-07-31 22:32:37,116 http://localhost:8000 "GET /jobs/c282b4a4-1fd0-4168-8825-873f3d098a6b HTTP/1.1" 200 348
2026-07-31 22:32:40,122 Starting new HTTP connection (1): localhost:8000
2026-07-31 22:32:40,131 http://localhost:8000 "GET /jobs/c282b4a4-1fd0-4168-8825-873f3d098a6b HTTP/1.1" 200 348
2026-07-31 22:32:43,136 Starting new HTTP connection (1): localhost:8000
2026-07-31 22:32:43,148 http://localhost:8000 "GET /jobs/c282b4a4-1fd0-4168-8825-873f3d098a6b HTTP/1.1" 200 348
2026-07-31 22:32:46,154 Starting new HTTP connection (1): localhost:8000
2026-07-31 22:32:46,164 http://localhost:8000 "GET /jobs/c282b4a4-1fd0-4168-8825-873f3d098a6b HTTP/1.1" 200 348
2026-07-31 22:32:49,170 Starting new HTTP connection (1): localhost:8000
2026-07-31 22:32:49,183 http://localhost:8000 "GET /jobs/c282b4a4-1fd0-4168-8825-873f3d098a6b HTTP/1.1" 200 348
2026-07-31 22:32:52,187 Starting new HTTP connection (1): localhost:8000
2026-07-31 22:32:52,207 http://localhost:8000 "GET /jobs/c282b4a4-1fd0-4168-8825-873f3d098a6b HTTP/1.1" 200 348
2026-07-31 22:32:55,212 Starting new HTTP connection (1): localhost:8000
2026-07-31 22:32:55,222 http://localhost:8000 "GET /jobs/c282b4a4-1fd0-4168-8825-873f3d098a6b HTTP/1.1" 200 348
2026-07-31 22:32:58,226 Starting new HTTP connection (1): localhost:8000
2026-07-31 22:32:58,241 http://localhost:8000 "GET /jobs/c282b4a4-1fd0-4168-8825-873f3d098a6b HTTP/1.1" 200 348
2026-07-31 22:33:01,245 Starting new HTTP connection (1): localhost:8000
2026-07-31 22:33:01,255 http://localhost:8000 "GET /jobs/c282b4a4-1fd0-4168-8825-873f3d098a6b HTTP/1.1" 200 348
2026-07-31 22:33:04,261 Starting new HTTP connection (1): localhost:8000
2026-07-31 22:33:04,273 http://localhost:8000 "GET /jobs/c282b4a4-1fd0-4168-8825-873f3d098a6b HTTP/1.1" 200 348
2026-07-31 22:33:07,278 Starting new HTTP connection (1): localhost:8000
2026-07-31 22:33:07,287 http://localhost:8000 "GET /jobs/c282b4a4-1fd0-4168-8825-873f3d098a6b HTTP/1.1" 200 348
2026-07-31 22:33:10,292 Starting new HTTP connection (1): localhost:8000
2026-07-31 22:33:10,301 http://localhost:8000 "GET /jobs/c282b4a4-1fd0-4168-8825-873f3d098a6b HTTP/1.1" 200 348
2026-07-31 22:33:13,307 Starting new HTTP connection (1): localhost:8000
2026-07-31 22:33:13,316 http://localhost:8000 "GET /jobs/c282b4a4-1fd0-4168-8825-873f3d098a6b HTTP/1.1" 200 348
2026-07-31 22:33:16,322 Starting new HTTP connection (1): localhost:8000
2026-07-31 22:33:16,330 http://localhost:8000 "GET /jobs/c282b4a4-1fd0-4168-8825-873f3d098a6b HTTP/1.1" 200 348
2026-07-31 22:33:19,337 Starting new HTTP connection (1): localhost:8000
2026-07-31 22:33:19,348 http://localhost:8000 "GET /jobs/c282b4a4-1fd0-4168-8825-873f3d098a6b HTTP/1.1" 200 348
2026-07-31 22:33:22,353 Starting new HTTP connection (1): localhost:8000
2026-07-31 22:33:22,364 http://localhost:8000 "GET /jobs/c282b4a4-1fd0-4168-8825-873f3d098a6b HTTP/1.1" 200 348
2026-07-31 22:33:25,369 Starting new HTTP connection (1): localhost:8000
2026-07-31 22:33:25,380 http://localhost:8000 "GET /jobs/c282b4a4-1fd0-4168-8825-873f3d098a6b HTTP/1.1" 200 348
2026-07-31 22:33:28,386 Starting new HTTP connection (1): localhost:8000
2026-07-31 22:33:28,397 http://localhost:8000 "GET /jobs/c282b4a4-1fd0-4168-8825-873f3d098a6b HTTP/1.1" 200 348
2026-07-31 22:33:31,400 Starting new HTTP connection (1): localhost:8000
2026-07-31 22:33:31,412 http://localhost:8000 "GET /jobs/c282b4a4-1fd0-4168-8825-873f3d098a6b HTTP/1.1" 200 348
2026-07-31 22:33:34,417 Starting new HTTP connection (1): localhost:8000
2026-07-31 22:33:34,435 http://localhost:8000 "GET /jobs/c282b4a4-1fd0-4168-8825-873f3d098a6b HTTP/1.1" 200 348
2026-07-31 22:33:37,440 Starting new HTTP connection (1): localhost:8000
2026-07-31 22:33:37,449 http://localhost:8000 "GET /jobs/c282b4a4-1fd0-4168-8825-873f3d098a6b HTTP/1.1" 200 348
2026-07-31 22:33:40,453 Starting new HTTP connection (1): localhost:8000
2026-07-31 22:33:40,467 http://localhost:8000 "GET /jobs/c282b4a4-1fd0-4168-8825-873f3d098a6b HTTP/1.1" 200 341
2026-07-31 22:33:43,473 Starting new HTTP connection (1): localhost:8000
2026-07-31 22:33:43,500 http://localhost:8000 "GET /jobs/c282b4a4-1fd0-4168-8825-873f3d098a6b HTTP/1.1" 200 347
2026-07-31 22:33:46,505 Starting new HTTP connection (1): localhost:8000
2026-07-31 22:33:46,521 http://localhost:8000 "GET /jobs/c282b4a4-1fd0-4168-8825-873f3d098a6b HTTP/1.1" 200 348
2026-07-31 22:33:49,526 Starting new HTTP connection (1): localhost:8000
2026-07-31 22:33:49,563 http://localhost:8000 "GET /jobs/c282b4a4-1fd0-4168-8825-873f3d098a6b HTTP/1.1" 200 349
2026-07-31 22:33:52,568 Starting new HTTP connection (1): localhost:8000
2026-07-31 22:33:52,586 http://localhost:8000 "GET /jobs/c282b4a4-1fd0-4168-8825-873f3d098a6b HTTP/1.1" 200 349
2026-07-31 22:33:55,592 Starting new HTTP connection (1): localhost:8000
2026-07-31 22:33:55,613 http://localhost:8000 "GET /jobs/c282b4a4-1fd0-4168-8825-873f3d098a6b HTTP/1.1" 200 349
2026-07-31 22:33:58,618 Starting new HTTP connection (1): localhost:8000
2026-07-31 22:33:58,636 http://localhost:8000 "GET /jobs/c282b4a4-1fd0-4168-8825-873f3d098a6b HTTP/1.1" 200 349
2026-07-31 22:34:01,641 Starting new HTTP connection (1): localhost:8000
2026-07-31 22:34:01,680 http://localhost:8000 "GET /jobs/c282b4a4-1fd0-4168-8825-873f3d098a6b HTTP/1.1" 200 349
2026-07-31 22:34:04,685 Starting new HTTP connection (1): localhost:8000
2026-07-31 22:34:04,711 http://localhost:8000 "GET /jobs/c282b4a4-1fd0-4168-8825-873f3d098a6b HTTP/1.1" 200 350
2026-07-31 22:34:07,716 Starting new HTTP connection (1): localhost:8000
2026-07-31 22:34:07,726 http://localhost:8000 "GET /jobs/c282b4a4-1fd0-4168-8825-873f3d098a6b HTTP/1.1" 200 350
2026-07-31 22:34:10,729 Starting new HTTP connection (1): localhost:8000
2026-07-31 22:34:10,742 http://localhost:8000 "GET /jobs/c282b4a4-1fd0-4168-8825-873f3d098a6b HTTP/1.1" 200 350
2026-07-31 22:34:13,748 Starting new HTTP connection (1): localhost:8000
2026-07-31 22:34:13,795 http://localhost:8000 "GET /jobs/c282b4a4-1fd0-4168-8825-873f3d098a6b HTTP/1.1" 200 350
2026-07-31 22:34:16,803 Starting new HTTP connection (1): localhost:8000
2026-07-31 22:34:16,849 http://localhost:8000 "GET /jobs/c282b4a4-1fd0-4168-8825-873f3d098a6b HTTP/1.1" 200 350
2026-07-31 22:34:19,857 Starting new HTTP connection (1): localhost:8000
2026-07-31 22:34:19,874 http://localhost:8000 "GET /jobs/c282b4a4-1fd0-4168-8825-873f3d098a6b HTTP/1.1" 200 350
2026-07-31 22:34:22,881 Starting new HTTP connection (1): localhost:8000
2026-07-31 22:34:22,905 http://localhost:8000 "GET /jobs/c282b4a4-1fd0-4168-8825-873f3d098a6b HTTP/1.1" 200 350
2026-07-31 22:34:25,911 Starting new HTTP connection (1): localhost:8000
2026-07-31 22:34:25,926 http://localhost:8000 "GET /jobs/c282b4a4-1fd0-4168-8825-873f3d098a6b HTTP/1.1" 200 350
2026-07-31 22:34:28,931 Starting new HTTP connection (1): localhost:8000
2026-07-31 22:34:28,946 http://localhost:8000 "GET /jobs/c282b4a4-1fd0-4168-8825-873f3d098a6b HTTP/1.1" 200 350
2026-07-31 22:34:31,951 Starting new HTTP connection (1): localhost:8000
2026-07-31 22:34:31,967 http://localhost:8000 "GET /jobs/c282b4a4-1fd0-4168-8825-873f3d098a6b HTTP/1.1" 200 350
2026-07-31 22:34:34,982 Starting new HTTP connection (1): localhost:8000
2026-07-31 22:34:35,011 http://localhost:8000 "GET /jobs/c282b4a4-1fd0-4168-8825-873f3d098a6b HTTP/1.1" 200 350
2026-07-31 22:34:38,015 Starting new HTTP connection (1): localhost:8000
2026-07-31 22:34:38,024 http://localhost:8000 "GET /jobs/c282b4a4-1fd0-4168-8825-873f3d098a6b HTTP/1.1" 200 350
2026-07-31 22:34:41,030 Starting new HTTP connection (1): localhost:8000
2026-07-31 22:34:41,039 http://localhost:8000 "GET /jobs/c282b4a4-1fd0-4168-8825-873f3d098a6b HTTP/1.1" 200 350
2026-07-31 22:34:44,044 Starting new HTTP connection (1): localhost:8000
2026-07-31 22:34:44,085 http://localhost:8000 "GET /jobs/c282b4a4-1fd0-4168-8825-873f3d098a6b HTTP/1.1" 200 350
2026-07-31 22:34:47,090 Starting new HTTP connection (1): localhost:8000
2026-07-31 22:34:47,108 http://localhost:8000 "GET /jobs/c282b4a4-1fd0-4168-8825-873f3d098a6b HTTP/1.1" 200 350
2026-07-31 22:34:50,112 Starting new HTTP connection (1): localhost:8000
2026-07-31 22:34:50,122 http://localhost:8000 "GET /jobs/c282b4a4-1fd0-4168-8825-873f3d098a6b HTTP/1.1" 200 350
2026-07-31 22:34:53,127 Starting new HTTP connection (1): localhost:8000
2026-07-31 22:34:53,137 http://localhost:8000 "GET /jobs/c282b4a4-1fd0-4168-8825-873f3d098a6b HTTP/1.1" 200 350
2026-07-31 22:34:56,141 Starting new HTTP connection (1): localhost:8000
2026-07-31 22:34:56,166 http://localhost:8000 "GET /jobs/c282b4a4-1fd0-4168-8825-873f3d098a6b HTTP/1.1" 200 350
2026-07-31 22:34:59,171 Starting new HTTP connection (1): localhost:8000
2026-07-31 22:34:59,182 http://localhost:8000 "GET /jobs/c282b4a4-1fd0-4168-8825-873f3d098a6b HTTP/1.1" 200 350
2026-07-31 22:35:02,187 Starting new HTTP connection (1): localhost:8000
2026-07-31 22:35:02,196 http://localhost:8000 "GET /jobs/c282b4a4-1fd0-4168-8825-873f3d098a6b HTTP/1.1" 200 350
2026-07-31 22:35:05,201 Starting new HTTP connection (1): localhost:8000
2026-07-31 22:35:05,226 http://localhost:8000 "GET /jobs/c282b4a4-1fd0-4168-8825-873f3d098a6b HTTP/1.1" 200 350
2026-07-31 22:35:08,231 Starting new HTTP connection (1): localhost:8000
2026-07-31 22:35:08,242 http://localhost:8000 "GET /jobs/c282b4a4-1fd0-4168-8825-873f3d098a6b HTTP/1.1" 200 338
2026-07-31 22:35:11,249 Starting new HTTP connection (1): localhost:8000
2026-07-31 22:35:11,275 http://localhost:8000 "GET /jobs/c282b4a4-1fd0-4168-8825-873f3d098a6b HTTP/1.1" 200 338
2026-07-31 22:35:14,280 Starting new HTTP connection (1): localhost:8000
2026-07-31 22:35:14,292 http://localhost:8000 "GET /jobs/c282b4a4-1fd0-4168-8825-873f3d098a6b HTTP/1.1" 200 350
2026-07-31 22:35:17,298 Starting new HTTP connection (1): localhost:8000
2026-07-31 22:35:17,307 http://localhost:8000 "GET /jobs/c282b4a4-1fd0-4168-8825-873f3d098a6b HTTP/1.1" 200 350
2026-07-31 22:35:20,312 Starting new HTTP connection (1): localhost:8000
2026-07-31 22:35:20,323 http://localhost:8000 "GET /jobs/c282b4a4-1fd0-4168-8825-873f3d098a6b HTTP/1.1" 200 350
2026-07-31 22:35:23,328 Starting new HTTP connection (1): localhost:8000
2026-07-31 22:35:23,338 http://localhost:8000 "GET /jobs/c282b4a4-1fd0-4168-8825-873f3d098a6b HTTP/1.1" 200 349
2026-07-31 22:35:26,343 Starting new HTTP connection (1): localhost:8000
2026-07-31 22:35:26,354 http://localhost:8000 "GET /jobs/c282b4a4-1fd0-4168-8825-873f3d098a6b HTTP/1.1" 200 351
2026-07-31 22:35:29,358 Starting new HTTP connection (1): localhost:8000
2026-07-31 22:35:29,367 http://localhost:8000 "GET /jobs/c282b4a4-1fd0-4168-8825-873f3d098a6b HTTP/1.1" 200 351
2026-07-31 22:35:32,371 Starting new HTTP connection (1): localhost:8000
2026-07-31 22:35:32,385 http://localhost:8000 "GET /jobs/c282b4a4-1fd0-4168-8825-873f3d098a6b HTTP/1.1" 200 351
2026-07-31 22:35:35,391 Starting new HTTP connection (1): localhost:8000
2026-07-31 22:35:35,445 http://localhost:8000 "GET /jobs/c282b4a4-1fd0-4168-8825-873f3d098a6b HTTP/1.1" 200 351
2026-07-31 22:35:38,454 Starting new HTTP connection (1): localhost:8000
2026-07-31 22:35:38,480 http://localhost:8000 "GET /jobs/c282b4a4-1fd0-4168-8825-873f3d098a6b HTTP/1.1" 200 352
2026-07-31 22:35:41,485 Starting new HTTP connection (1): localhost:8000
2026-07-31 22:35:41,517 http://localhost:8000 "GET /jobs/c282b4a4-1fd0-4168-8825-873f3d098a6b HTTP/1.1" 200 352
2026-07-31 22:35:44,523 Starting new HTTP connection (1): localhost:8000
2026-07-31 22:35:44,538 http://localhost:8000 "GET /jobs/c282b4a4-1fd0-4168-8825-873f3d098a6b HTTP/1.1" 200 352
2026-07-31 22:35:47,545 Starting new HTTP connection (1): localhost:8000
2026-07-31 22:35:47,560 http://localhost:8000 "GET /jobs/c282b4a4-1fd0-4168-8825-873f3d098a6b HTTP/1.1" 200 352
2026-07-31 22:35:50,569 Starting new HTTP connection (1): localhost:8000
2026-07-31 22:35:50,578 http://localhost:8000 "GET /jobs/c282b4a4-1fd0-4168-8825-873f3d098a6b HTTP/1.1" 200 352
2026-07-31 22:35:53,585 Starting new HTTP connection (1): localhost:8000
2026-07-31 22:35:53,595 http://localhost:8000 "GET /jobs/c282b4a4-1fd0-4168-8825-873f3d098a6b HTTP/1.1" 200 352
2026-07-31 22:35:56,602 Starting new HTTP connection (1): localhost:8000
2026-07-31 22:35:56,614 http://localhost:8000 "GET /jobs/c282b4a4-1fd0-4168-8825-873f3d098a6b HTTP/1.1" 200 352
2026-07-31 22:35:59,635 Starting new HTTP connection (1): localhost:8000
2026-07-31 22:35:59,653 http://localhost:8000 "GET /jobs/c282b4a4-1fd0-4168-8825-873f3d098a6b HTTP/1.1" 200 352
2026-07-31 22:36:02,659 Starting new HTTP connection (1): localhost:8000
2026-07-31 22:36:02,669 http://localhost:8000 "GET /jobs/c282b4a4-1fd0-4168-8825-873f3d098a6b HTTP/1.1" 200 352
2026-07-31 22:36:05,676 Starting new HTTP connection (1): localhost:8000
2026-07-31 22:36:05,687 http://localhost:8000 "GET /jobs/c282b4a4-1fd0-4168-8825-873f3d098a6b HTTP/1.1" 200 352
2026-07-31 22:36:08,693 Starting new HTTP connection (1): localhost:8000
2026-07-31 22:36:08,709 http://localhost:8000 "GET /jobs/c282b4a4-1fd0-4168-8825-873f3d098a6b HTTP/1.1" 200 352
2026-07-31 22:36:11,716 Starting new HTTP connection (1): localhost:8000
2026-07-31 22:36:11,731 http://localhost:8000 "GET /jobs/c282b4a4-1fd0-4168-8825-873f3d098a6b HTTP/1.1" 200 352
2026-07-31 22:36:14,738 Starting new HTTP connection (1): localhost:8000
2026-07-31 22:36:14,752 http://localhost:8000 "GET /jobs/c282b4a4-1fd0-4168-8825-873f3d098a6b HTTP/1.1" 200 352
2026-07-31 22:36:17,756 Starting new HTTP connection (1): localhost:8000
2026-07-31 22:36:17,772 http://localhost:8000 "GET /jobs/c282b4a4-1fd0-4168-8825-873f3d098a6b HTTP/1.1" 200 352
2026-07-31 22:36:20,778 Starting new HTTP connection (1): localhost:8000
2026-07-31 22:36:20,983 http://localhost:8000 "GET /jobs/c282b4a4-1fd0-4168-8825-873f3d098a6b HTTP/1.1" 200 352
2026-07-31 22:36:23,989 Starting new HTTP connection (1): localhost:8000
2026-07-31 22:36:24,005 http://localhost:8000 "GET /jobs/c282b4a4-1fd0-4168-8825-873f3d098a6b HTTP/1.1" 200 352
2026-07-31 22:36:27,010 Starting new HTTP connection (1): localhost:8000
2026-07-31 22:36:27,032 http://localhost:8000 "GET /jobs/c282b4a4-1fd0-4168-8825-873f3d098a6b HTTP/1.1" 200 352
2026-07-31 22:36:30,039 Starting new HTTP connection (1): localhost:8000
2026-07-31 22:36:30,058 http://localhost:8000 "GET /jobs/c282b4a4-1fd0-4168-8825-873f3d098a6b HTTP/1.1" 200 352
2026-07-31 22:36:33,063 Starting new HTTP connection (1): localhost:8000
2026-07-31 22:36:33,098 http://localhost:8000 "GET /jobs/c282b4a4-1fd0-4168-8825-873f3d098a6b HTTP/1.1" 200 352
2026-07-31 22:36:36,104 Starting new HTTP connection (1): localhost:8000
2026-07-31 22:36:36,374 http://localhost:8000 "GET /jobs/c282b4a4-1fd0-4168-8825-873f3d098a6b HTTP/1.1" 200 352
2026-07-31 22:36:39,379 Starting new HTTP connection (1): localhost:8000
2026-07-31 22:36:39,390 http://localhost:8000 "GET /jobs/c282b4a4-1fd0-4168-8825-873f3d098a6b HTTP/1.1" 200 351
2026-07-31 22:36:42,396 Starting new HTTP connection (1): localhost:8000
2026-07-31 22:36:42,414 http://localhost:8000 "GET /jobs/c282b4a4-1fd0-4168-8825-873f3d098a6b HTTP/1.1" 200 351
2026-07-31 22:36:45,420 Starting new HTTP connection (1): localhost:8000
2026-07-31 22:36:45,452 http://localhost:8000 "GET /jobs/c282b4a4-1fd0-4168-8825-873f3d098a6b HTTP/1.1" 200 352
2026-07-31 22:36:48,457 Starting new HTTP connection (1): localhost:8000
2026-07-31 22:36:48,475 http://localhost:8000 "GET /jobs/c282b4a4-1fd0-4168-8825-873f3d098a6b HTTP/1.1" 200 352
2026-07-31 22:36:51,484 Starting new HTTP connection (1): localhost:8000
2026-07-31 22:36:51,507 http://localhost:8000 "GET /jobs/c282b4a4-1fd0-4168-8825-873f3d098a6b HTTP/1.1" 200 352
2026-07-31 22:36:54,512 Starting new HTTP connection (1): localhost:8000
2026-07-31 22:36:54,525 http://localhost:8000 "GET /jobs/c282b4a4-1fd0-4168-8825-873f3d098a6b HTTP/1.1" 200 352
2026-07-31 22:36:57,528 Starting new HTTP connection (1): localhost:8000
2026-07-31 22:36:57,539 http://localhost:8000 "GET /jobs/c282b4a4-1fd0-4168-8825-873f3d098a6b HTTP/1.1" 200 352
2026-07-31 22:37:00,544 Starting new HTTP connection (1): localhost:8000
2026-07-31 22:37:00,554 http://localhost:8000 "GET /jobs/c282b4a4-1fd0-4168-8825-873f3d098a6b HTTP/1.1" 200 352
2026-07-31 22:37:03,558 Starting new HTTP connection (1): localhost:8000
2026-07-31 22:37:03,576 http://localhost:8000 "GET /jobs/c282b4a4-1fd0-4168-8825-873f3d098a6b HTTP/1.1" 200 352
2026-07-31 22:37:06,581 Starting new HTTP connection (1): localhost:8000
2026-07-31 22:37:06,590 http://localhost:8000 "GET /jobs/c282b4a4-1fd0-4168-8825-873f3d098a6b HTTP/1.1" 200 352
2026-07-31 22:37:09,596 Starting new HTTP connection (1): localhost:8000
2026-07-31 22:37:09,610 http://localhost:8000 "GET /jobs/c282b4a4-1fd0-4168-8825-873f3d098a6b HTTP/1.1" 200 339
2026-07-31 22:37:12,615 Starting new HTTP connection (1): localhost:8000
2026-07-31 22:37:12,627 http://localhost:8000 "GET /jobs/c282b4a4-1fd0-4168-8825-873f3d098a6b HTTP/1.1" 200 352
2026-07-31 22:37:15,632 Starting new HTTP connection (1): localhost:8000
2026-07-31 22:37:15,651 http://localhost:8000 "GET /jobs/c282b4a4-1fd0-4168-8825-873f3d098a6b HTTP/1.1" 200 352
2026-07-31 22:37:18,657 Starting new HTTP connection (1): localhost:8000
2026-07-31 22:37:18,674 http://localhost:8000 "GET /jobs/c282b4a4-1fd0-4168-8825-873f3d098a6b HTTP/1.1" 200 351
2026-07-31 22:37:21,679 Starting new HTTP connection (1): localhost:8000
2026-07-31 22:37:21,699 http://localhost:8000 "GET /jobs/c282b4a4-1fd0-4168-8825-873f3d098a6b HTTP/1.1" 200 351
2026-07-31 22:37:24,705 Starting new HTTP connection (1): localhost:8000
2026-07-31 22:37:24,719 http://localhost:8000 "GET /jobs/c282b4a4-1fd0-4168-8825-873f3d098a6b HTTP/1.1" 200 351
2026-07-31 22:37:27,725 Starting new HTTP connection (1): localhost:8000
2026-07-31 22:37:27,742 http://localhost:8000 "GET /jobs/c282b4a4-1fd0-4168-8825-873f3d098a6b HTTP/1.1" 200 351
2026-07-31 22:37:30,747 Starting new HTTP connection (1): localhost:8000
2026-07-31 22:37:30,763 http://localhost:8000 "GET /jobs/c282b4a4-1fd0-4168-8825-873f3d098a6b HTTP/1.1" 200 352
2026-07-31 22:37:33,768 Starting new HTTP connection (1): localhost:8000
2026-07-31 22:37:33,783 http://localhost:8000 "GET /jobs/c282b4a4-1fd0-4168-8825-873f3d098a6b HTTP/1.1" 200 352
2026-07-31 22:37:36,786 Starting new HTTP connection (1): localhost:8000
2026-07-31 22:37:36,808 http://localhost:8000 "GET /jobs/c282b4a4-1fd0-4168-8825-873f3d098a6b HTTP/1.1" 200 352
2026-07-31 22:37:39,812 Starting new HTTP connection (1): localhost:8000
2026-07-31 22:37:39,864 http://localhost:8000 "GET /jobs/c282b4a4-1fd0-4168-8825-873f3d098a6b HTTP/1.1" 200 352
2026-07-31 22:37:42,868 Starting new HTTP connection (1): localhost:8000
2026-07-31 22:37:42,883 http://localhost:8000 "GET /jobs/c282b4a4-1fd0-4168-8825-873f3d098a6b HTTP/1.1" 200 352
2026-07-31 22:37:45,887 Starting new HTTP connection (1): localhost:8000
2026-07-31 22:37:45,901 http://localhost:8000 "GET /jobs/c282b4a4-1fd0-4168-8825-873f3d098a6b HTTP/1.1" 200 352
2026-07-31 22:37:48,907 Starting new HTTP connection (1): localhost:8000
2026-07-31 22:37:48,924 http://localhost:8000 "GET /jobs/c282b4a4-1fd0-4168-8825-873f3d098a6b HTTP/1.1" 200 351
2026-07-31 22:37:51,930 Starting new HTTP connection (1): localhost:8000
2026-07-31 22:37:52,012 http://localhost:8000 "GET /jobs/c282b4a4-1fd0-4168-8825-873f3d098a6b HTTP/1.1" 200 352
2026-07-31 22:37:55,018 Starting new HTTP connection (1): localhost:8000
2026-07-31 22:37:55,041 http://localhost:8000 "GET /jobs/c282b4a4-1fd0-4168-8825-873f3d098a6b HTTP/1.1" 200 352
2026-07-31 22:37:58,047 Starting new HTTP connection (1): localhost:8000
2026-07-31 22:37:58,176 http://localhost:8000 "GET /jobs/c282b4a4-1fd0-4168-8825-873f3d098a6b HTTP/1.1" 200 352
2026-07-31 22:38:01,180 Starting new HTTP connection (1): localhost:8000
2026-07-31 22:38:01,196 http://localhost:8000 "GET /jobs/c282b4a4-1fd0-4168-8825-873f3d098a6b HTTP/1.1" 200 352
2026-07-31 22:38:04,202 Starting new HTTP connection (1): localhost:8000
2026-07-31 22:38:04,213 http://localhost:8000 "GET /jobs/c282b4a4-1fd0-4168-8825-873f3d098a6b HTTP/1.1" 200 352
2026-07-31 22:38:07,219 Starting new HTTP connection (1): localhost:8000
2026-07-31 22:38:07,230 http://localhost:8000 "GET /jobs/c282b4a4-1fd0-4168-8825-873f3d098a6b HTTP/1.1" 200 352
2026-07-31 22:38:10,236 Starting new HTTP connection (1): localhost:8000
2026-07-31 22:38:10,244 http://localhost:8000 "GET /jobs/c282b4a4-1fd0-4168-8825-873f3d098a6b HTTP/1.1" 200 352
2026-07-31 22:38:13,249 Starting new HTTP connection (1): localhost:8000
2026-07-31 22:38:13,259 http://localhost:8000 "GET /jobs/c282b4a4-1fd0-4168-8825-873f3d098a6b HTTP/1.1" 200 352
2026-07-31 22:38:16,263 Starting new HTTP connection (1): localhost:8000
2026-07-31 22:38:16,276 http://localhost:8000 "GET /jobs/c282b4a4-1fd0-4168-8825-873f3d098a6b HTTP/1.1" 200 352
2026-07-31 22:38:19,282 Starting new HTTP connection (1): localhost:8000
2026-07-31 22:38:19,298 http://localhost:8000 "GET /jobs/c282b4a4-1fd0-4168-8825-873f3d098a6b HTTP/1.1" 200 352
2026-07-31 22:38:22,302 Starting new HTTP connection (1): localhost:8000
2026-07-31 22:38:22,315 http://localhost:8000 "GET /jobs/c282b4a4-1fd0-4168-8825-873f3d098a6b HTTP/1.1" 200 351
2026-07-31 22:38:25,319 Starting new HTTP connection (1): localhost:8000
2026-07-31 22:38:25,338 http://localhost:8000 "GET /jobs/c282b4a4-1fd0-4168-8825-873f3d098a6b HTTP/1.1" 200 351
2026-07-31 22:38:28,345 Starting new HTTP connection (1): localhost:8000
2026-07-31 22:38:28,374 http://localhost:8000 "GET /jobs/c282b4a4-1fd0-4168-8825-873f3d098a6b HTTP/1.1" 200 351
2026-07-31 22:38:31,378 Starting new HTTP connection (1): localhost:8000
2026-07-31 22:38:31,391 http://localhost:8000 "GET /jobs/c282b4a4-1fd0-4168-8825-873f3d098a6b HTTP/1.1" 200 351
2026-07-31 22:38:34,395 Starting new HTTP connection (1): localhost:8000
2026-07-31 22:38:34,413 http://localhost:8000 "GET /jobs/c282b4a4-1fd0-4168-8825-873f3d098a6b HTTP/1.1" 200 352
2026-07-31 22:38:37,417 Starting new HTTP connection (1): localhost:8000
2026-07-31 22:38:37,433 http://localhost:8000 "GET /jobs/c282b4a4-1fd0-4168-8825-873f3d098a6b HTTP/1.1" 200 352
2026-07-31 22:38:40,438 Starting new HTTP connection (1): localhost:8000
2026-07-31 22:38:40,459 http://localhost:8000 "GET /jobs/c282b4a4-1fd0-4168-8825-873f3d098a6b HTTP/1.1" 200 352
2026-07-31 22:38:43,464 Starting new HTTP connection (1): localhost:8000
2026-07-31 22:38:43,475 http://localhost:8000 "GET /jobs/c282b4a4-1fd0-4168-8825-873f3d098a6b HTTP/1.1" 200 340
2026-07-31 22:38:46,479 Starting new HTTP connection (1): localhost:8000
2026-07-31 22:38:46,512 http://localhost:8000 "GET /jobs/c282b4a4-1fd0-4168-8825-873f3d098a6b HTTP/1.1" 200 352
2026-07-31 22:38:49,516 Starting new HTTP connection (1): localhost:8000
2026-07-31 22:38:49,646 http://localhost:8000 "GET /jobs/c282b4a4-1fd0-4168-8825-873f3d098a6b HTTP/1.1" 200 352
2026-07-31 22:38:52,656 Starting new HTTP connection (1): localhost:8000
2026-07-31 22:38:52,666 http://localhost:8000 "GET /jobs/c282b4a4-1fd0-4168-8825-873f3d098a6b HTTP/1.1" 200 352
2026-07-31 22:38:55,672 Starting new HTTP connection (1): localhost:8000
2026-07-31 22:38:55,693 http://localhost:8000 "GET /jobs/c282b4a4-1fd0-4168-8825-873f3d098a6b HTTP/1.1" 200 352
2026-07-31 22:38:58,698 Starting new HTTP connection (1): localhost:8000
2026-07-31 22:38:58,712 http://localhost:8000 "GET /jobs/c282b4a4-1fd0-4168-8825-873f3d098a6b HTTP/1.1" 200 352
2026-07-31 22:39:01,717 Starting new HTTP connection (1): localhost:8000
2026-07-31 22:39:01,733 http://localhost:8000 "GET /jobs/c282b4a4-1fd0-4168-8825-873f3d098a6b HTTP/1.1" 200 352
2026-07-31 22:39:04,738 Starting new HTTP connection (1): localhost:8000
2026-07-31 22:39:04,750 http://localhost:8000 "GET /jobs/c282b4a4-1fd0-4168-8825-873f3d098a6b HTTP/1.1" 200 352
2026-07-31 22:39:07,755 Starting new HTTP connection (1): localhost:8000
2026-07-31 22:39:07,763 http://localhost:8000 "GET /jobs/c282b4a4-1fd0-4168-8825-873f3d098a6b HTTP/1.1" 200 352
2026-07-31 22:39:10,768 Starting new HTTP connection (1): localhost:8000
2026-07-31 22:39:10,779 http://localhost:8000 "GET /jobs/c282b4a4-1fd0-4168-8825-873f3d098a6b HTTP/1.1" 200 352
2026-07-31 22:39:13,789 Starting new HTTP connection (1): localhost:8000
2026-07-31 22:39:13,797 http://localhost:8000 "GET /jobs/c282b4a4-1fd0-4168-8825-873f3d098a6b HTTP/1.1" 200 352
2026-07-31 22:39:16,802 Starting new HTTP connection (1): localhost:8000
2026-07-31 22:39:16,815 http://localhost:8000 "GET /jobs/c282b4a4-1fd0-4168-8825-873f3d098a6b HTTP/1.1" 200 352
2026-07-31 22:39:19,821 Starting new HTTP connection (1): localhost:8000
2026-07-31 22:39:19,835 http://localhost:8000 "GET /jobs/c282b4a4-1fd0-4168-8825-873f3d098a6b HTTP/1.1" 200 352
2026-07-31 22:39:22,841 Starting new HTTP connection (1): localhost:8000
2026-07-31 22:39:22,858 http://localhost:8000 "GET /jobs/c282b4a4-1fd0-4168-8825-873f3d098a6b HTTP/1.1" 200 352
2026-07-31 22:39:25,863 Starting new HTTP connection (1): localhost:8000
2026-07-31 22:39:25,873 http://localhost:8000 "GET /jobs/c282b4a4-1fd0-4168-8825-873f3d098a6b HTTP/1.1" 200 352
2026-07-31 22:39:28,879 Starting new HTTP connection (1): localhost:8000
2026-07-31 22:39:28,927 http://localhost:8000 "GET /jobs/c282b4a4-1fd0-4168-8825-873f3d098a6b HTTP/1.1" 200 352
2026-07-31 22:39:31,934 Starting new HTTP connection (1): localhost:8000
2026-07-31 22:39:31,947 http://localhost:8000 "GET /jobs/c282b4a4-1fd0-4168-8825-873f3d098a6b HTTP/1.1" 200 353
2026-07-31 22:39:34,951 Starting new HTTP connection (1): localhost:8000
2026-07-31 22:39:34,960 http://localhost:8000 "GET /jobs/c282b4a4-1fd0-4168-8825-873f3d098a6b HTTP/1.1" 200 353
2026-07-31 22:39:37,965 Starting new HTTP connection (1): localhost:8000
2026-07-31 22:39:37,976 http://localhost:8000 "GET /jobs/c282b4a4-1fd0-4168-8825-873f3d098a6b HTTP/1.1" 200 352
2026-07-31 22:39:40,982 Starting new HTTP connection (1): localhost:8000
2026-07-31 22:39:40,991 http://localhost:8000 "GET /jobs/c282b4a4-1fd0-4168-8825-873f3d098a6b HTTP/1.1" 200 353
2026-07-31 22:39:43,995 Starting new HTTP connection (1): localhost:8000
2026-07-31 22:39:44,006 http://localhost:8000 "GET /jobs/c282b4a4-1fd0-4168-8825-873f3d098a6b HTTP/1.1" 200 25128
2026-07-31 23:05:24,123 watchdog started, watching PID 38592
2026-07-31 23:05:25,219 Starting new HTTP connection (1): localhost:8000
2026-07-31 23:05:25,628 http://localhost:8000 "GET /jobs/health-check-dummy HTTP/1.1" 404 26
2026-07-31 23:07:07,408 watchdog started, watching PID 7556
2026-07-31 23:07:08,228 Starting new HTTP connection (1): localhost:8000
2026-07-31 23:07:36,672 Starting new HTTP connection (1): localhost:8000
2026-07-31 23:07:36,783 http://localhost:8000 "GET /jobs/health-check-dummy HTTP/1.1" 404 26
2026-07-31 23:22:40,394 Starting new HTTP connection (1): localhost:8000
2026-07-31 23:22:40,526 http://localhost:8000 "GET /jobs/health-check-dummy HTTP/1.1" 404 26
2026-07-31 23:22:41,675 watchdog started, watching PID 23776
2026-07-31 23:22:59,152 Starting new HTTP connection (1): localhost:8000
2026-07-31 23:22:59,205 http://localhost:8000 "POST /jobs HTTP/1.1" 201 299
2026-07-31 23:23:02,211 Starting new HTTP connection (1): localhost:8000
2026-07-31 23:23:02,231 http://localhost:8000 "GET /jobs/8ffcb2f3-5244-4cd9-8418-24f6513913f9 HTTP/1.1" 200 337
2026-07-31 23:23:05,236 Starting new HTTP connection (1): localhost:8000
2026-07-31 23:23:05,249 http://localhost:8000 "GET /jobs/8ffcb2f3-5244-4cd9-8418-24f6513913f9 HTTP/1.1" 200 337
2026-07-31 23:23:08,255 Starting new HTTP connection (1): localhost:8000
2026-07-31 23:23:08,277 http://localhost:8000 "GET /jobs/8ffcb2f3-5244-4cd9-8418-24f6513913f9 HTTP/1.1" 200 337
2026-07-31 23:23:11,286 Starting new HTTP connection (1): localhost:8000
2026-07-31 23:23:11,302 http://localhost:8000 "GET /jobs/8ffcb2f3-5244-4cd9-8418-24f6513913f9 HTTP/1.1" 200 337
2026-07-31 23:23:14,307 Starting new HTTP connection (1): localhost:8000
2026-07-31 23:23:14,323 http://localhost:8000 "GET /jobs/8ffcb2f3-5244-4cd9-8418-24f6513913f9 HTTP/1.1" 200 337
2026-07-31 23:23:17,331 Starting new HTTP connection (1): localhost:8000
2026-07-31 23:23:17,352 http://localhost:8000 "GET /jobs/8ffcb2f3-5244-4cd9-8418-24f6513913f9 HTTP/1.1" 200 337
2026-07-31 23:23:20,358 Starting new HTTP connection (1): localhost:8000
2026-07-31 23:23:20,371 http://localhost:8000 "GET /jobs/8ffcb2f3-5244-4cd9-8418-24f6513913f9 HTTP/1.1" 200 337
2026-07-31 23:23:23,378 Starting new HTTP connection (1): localhost:8000
2026-07-31 23:23:23,402 http://localhost:8000 "GET /jobs/8ffcb2f3-5244-4cd9-8418-24f6513913f9 HTTP/1.1" 200 337
2026-07-31 23:23:26,408 Starting new HTTP connection (1): localhost:8000
2026-07-31 23:23:26,425 http://localhost:8000 "GET /jobs/8ffcb2f3-5244-4cd9-8418-24f6513913f9 HTTP/1.1" 200 337
2026-07-31 23:23:29,431 Starting new HTTP connection (1): localhost:8000
2026-07-31 23:23:29,451 http://localhost:8000 "GET /jobs/8ffcb2f3-5244-4cd9-8418-24f6513913f9 HTTP/1.1" 200 337
2026-07-31 23:23:32,457 Starting new HTTP connection (1): localhost:8000
2026-07-31 23:23:32,471 http://localhost:8000 "GET /jobs/8ffcb2f3-5244-4cd9-8418-24f6513913f9 HTTP/1.1" 200 337
2026-07-31 23:23:35,478 Starting new HTTP connection (1): localhost:8000
2026-07-31 23:23:35,492 http://localhost:8000 "GET /jobs/8ffcb2f3-5244-4cd9-8418-24f6513913f9 HTTP/1.1" 200 337
2026-07-31 23:23:38,499 Starting new HTTP connection (1): localhost:8000
2026-07-31 23:23:38,516 http://localhost:8000 "GET /jobs/8ffcb2f3-5244-4cd9-8418-24f6513913f9 HTTP/1.1" 200 337
2026-07-31 23:23:41,523 Starting new HTTP connection (1): localhost:8000
2026-07-31 23:23:41,538 http://localhost:8000 "GET /jobs/8ffcb2f3-5244-4cd9-8418-24f6513913f9 HTTP/1.1" 200 337
2026-07-31 23:23:44,545 Starting new HTTP connection (1): localhost:8000
2026-07-31 23:23:44,558 http://localhost:8000 "GET /jobs/8ffcb2f3-5244-4cd9-8418-24f6513913f9 HTTP/1.1" 200 337
2026-07-31 23:23:47,565 Starting new HTTP connection (1): localhost:8000
2026-07-31 23:23:47,579 http://localhost:8000 "GET /jobs/8ffcb2f3-5244-4cd9-8418-24f6513913f9 HTTP/1.1" 200 337
2026-07-31 23:23:50,586 Starting new HTTP connection (1): localhost:8000
2026-07-31 23:23:50,603 http://localhost:8000 "GET /jobs/8ffcb2f3-5244-4cd9-8418-24f6513913f9 HTTP/1.1" 200 337
2026-07-31 23:23:53,613 Starting new HTTP connection (1): localhost:8000
2026-07-31 23:23:53,625 http://localhost:8000 "GET /jobs/8ffcb2f3-5244-4cd9-8418-24f6513913f9 HTTP/1.1" 200 337
2026-07-31 23:23:56,633 Starting new HTTP connection (1): localhost:8000
2026-07-31 23:23:56,647 http://localhost:8000 "GET /jobs/8ffcb2f3-5244-4cd9-8418-24f6513913f9 HTTP/1.1" 200 337
2026-07-31 23:23:59,654 Starting new HTTP connection (1): localhost:8000
2026-07-31 23:23:59,672 http://localhost:8000 "GET /jobs/8ffcb2f3-5244-4cd9-8418-24f6513913f9 HTTP/1.1" 200 337
2026-07-31 23:24:02,679 Starting new HTTP connection (1): localhost:8000
2026-07-31 23:24:02,721 http://localhost:8000 "GET /jobs/8ffcb2f3-5244-4cd9-8418-24f6513913f9 HTTP/1.1" 200 337
2026-07-31 23:24:05,727 Starting new HTTP connection (1): localhost:8000
2026-07-31 23:24:05,740 http://localhost:8000 "GET /jobs/8ffcb2f3-5244-4cd9-8418-24f6513913f9 HTTP/1.1" 200 337
2026-07-31 23:24:08,747 Starting new HTTP connection (1): localhost:8000
2026-07-31 23:24:08,764 http://localhost:8000 "GET /jobs/8ffcb2f3-5244-4cd9-8418-24f6513913f9 HTTP/1.1" 200 337
2026-07-31 23:24:11,770 Starting new HTTP connection (1): localhost:8000
2026-07-31 23:24:11,804 http://localhost:8000 "GET /jobs/8ffcb2f3-5244-4cd9-8418-24f6513913f9 HTTP/1.1" 200 337
2026-07-31 23:24:14,811 Starting new HTTP connection (1): localhost:8000
2026-07-31 23:24:14,852 http://localhost:8000 "GET /jobs/8ffcb2f3-5244-4cd9-8418-24f6513913f9 HTTP/1.1" 200 337
2026-07-31 23:24:17,859 Starting new HTTP connection (1): localhost:8000
2026-07-31 23:24:17,873 http://localhost:8000 "GET /jobs/8ffcb2f3-5244-4cd9-8418-24f6513913f9 HTTP/1.1" 200 337
2026-07-31 23:24:20,880 Starting new HTTP connection (1): localhost:8000
2026-07-31 23:24:20,895 http://localhost:8000 "GET /jobs/8ffcb2f3-5244-4cd9-8418-24f6513913f9 HTTP/1.1" 200 337
2026-07-31 23:24:23,901 Starting new HTTP connection (1): localhost:8000
2026-07-31 23:24:23,912 http://localhost:8000 "GET /jobs/8ffcb2f3-5244-4cd9-8418-24f6513913f9 HTTP/1.1" 200 337
2026-07-31 23:24:26,916 Starting new HTTP connection (1): localhost:8000
2026-07-31 23:24:26,926 http://localhost:8000 "GET /jobs/8ffcb2f3-5244-4cd9-8418-24f6513913f9 HTTP/1.1" 200 337
2026-07-31 23:24:29,931 Starting new HTTP connection (1): localhost:8000
2026-07-31 23:24:29,943 http://localhost:8000 "GET /jobs/8ffcb2f3-5244-4cd9-8418-24f6513913f9 HTTP/1.1" 200 337
2026-07-31 23:24:32,949 Starting new HTTP connection (1): localhost:8000
2026-07-31 23:24:32,958 http://localhost:8000 "GET /jobs/8ffcb2f3-5244-4cd9-8418-24f6513913f9 HTTP/1.1" 200 337
2026-07-31 23:24:35,964 Starting new HTTP connection (1): localhost:8000
2026-07-31 23:24:36,003 http://localhost:8000 "GET /jobs/8ffcb2f3-5244-4cd9-8418-24f6513913f9 HTTP/1.1" 200 337
2026-07-31 23:24:39,009 Starting new HTTP connection (1): localhost:8000
2026-07-31 23:24:39,025 http://localhost:8000 "GET /jobs/8ffcb2f3-5244-4cd9-8418-24f6513913f9 HTTP/1.1" 200 337
2026-07-31 23:24:42,031 Starting new HTTP connection (1): localhost:8000
2026-07-31 23:24:42,044 http://localhost:8000 "GET /jobs/8ffcb2f3-5244-4cd9-8418-24f6513913f9 HTTP/1.1" 200 337
2026-07-31 23:24:45,052 Starting new HTTP connection (1): localhost:8000
2026-07-31 23:24:45,115 http://localhost:8000 "GET /jobs/8ffcb2f3-5244-4cd9-8418-24f6513913f9 HTTP/1.1" 200 337
2026-07-31 23:24:48,126 Starting new HTTP connection (1): localhost:8000
2026-07-31 23:24:48,137 http://localhost:8000 "GET /jobs/8ffcb2f3-5244-4cd9-8418-24f6513913f9 HTTP/1.1" 200 337
2026-07-31 23:24:51,202 Starting new HTTP connection (1): localhost:8000
2026-07-31 23:24:51,215 http://localhost:8000 "GET /jobs/8ffcb2f3-5244-4cd9-8418-24f6513913f9 HTTP/1.1" 200 337
2026-07-31 23:24:54,221 Starting new HTTP connection (1): localhost:8000
2026-07-31 23:24:54,231 http://localhost:8000 "GET /jobs/8ffcb2f3-5244-4cd9-8418-24f6513913f9 HTTP/1.1" 200 337
2026-07-31 23:24:57,238 Starting new HTTP connection (1): localhost:8000
2026-07-31 23:24:57,253 http://localhost:8000 "GET /jobs/8ffcb2f3-5244-4cd9-8418-24f6513913f9 HTTP/1.1" 200 337
2026-07-31 23:25:00,259 Starting new HTTP connection (1): localhost:8000
2026-07-31 23:25:00,367 http://localhost:8000 "GET /jobs/8ffcb2f3-5244-4cd9-8418-24f6513913f9 HTTP/1.1" 200 337
2026-07-31 23:25:03,375 Starting new HTTP connection (1): localhost:8000
2026-07-31 23:25:03,387 http://localhost:8000 "GET /jobs/8ffcb2f3-5244-4cd9-8418-24f6513913f9 HTTP/1.1" 200 337
2026-07-31 23:25:06,393 Starting new HTTP connection (1): localhost:8000
2026-07-31 23:25:06,404 http://localhost:8000 "GET /jobs/8ffcb2f3-5244-4cd9-8418-24f6513913f9 HTTP/1.1" 200 337
2026-07-31 23:25:09,410 Starting new HTTP connection (1): localhost:8000
2026-07-31 23:25:09,421 http://localhost:8000 "GET /jobs/8ffcb2f3-5244-4cd9-8418-24f6513913f9 HTTP/1.1" 200 594
2026-07-31 23:36:47,823 watchdog started, watching PID 35164
2026-07-31 23:36:48,520 Starting new HTTP connection (1): localhost:8000
2026-07-31 23:36:49,009 http://localhost:8000 "GET /jobs/health-check-dummy HTTP/1.1" 404 26
2026-07-31 23:37:06,236 watchdog started, watching PID 22284
2026-07-31 23:37:06,657 Starting new HTTP connection (1): localhost:8000
2026-07-31 23:37:39,618 Starting new HTTP connection (1): localhost:8000
2026-07-31 23:37:39,652 http://localhost:8000 "GET /jobs/health-check-dummy HTTP/1.1" 404 26
2026-07-31 23:38:26,176 Starting new HTTP connection (1): localhost:8000
2026-07-31 23:38:26,246 http://localhost:8000 "POST /jobs HTTP/1.1" 201 299
2026-07-31 23:38:29,255 Starting new HTTP connection (1): localhost:8000
2026-07-31 23:38:29,265 http://localhost:8000 "GET /jobs/a7b4b088-f878-45c4-af94-7a1450b76681 HTTP/1.1" 200 353
2026-07-31 23:38:32,271 Starting new HTTP connection (1): localhost:8000
2026-07-31 23:38:32,283 http://localhost:8000 "GET /jobs/a7b4b088-f878-45c4-af94-7a1450b76681 HTTP/1.1" 200 353
2026-07-31 23:38:35,290 Starting new HTTP connection (1): localhost:8000
2026-07-31 23:38:35,303 http://localhost:8000 "GET /jobs/a7b4b088-f878-45c4-af94-7a1450b76681 HTTP/1.1" 200 353
2026-07-31 23:38:38,309 Starting new HTTP connection (1): localhost:8000
2026-07-31 23:38:38,323 http://localhost:8000 "GET /jobs/a7b4b088-f878-45c4-af94-7a1450b76681 HTTP/1.1" 200 353
2026-07-31 23:38:41,329 Starting new HTTP connection (1): localhost:8000
2026-07-31 23:38:41,344 http://localhost:8000 "GET /jobs/a7b4b088-f878-45c4-af94-7a1450b76681 HTTP/1.1" 200 353
2026-07-31 23:38:44,351 Starting new HTTP connection (1): localhost:8000
2026-07-31 23:38:44,368 http://localhost:8000 "GET /jobs/a7b4b088-f878-45c4-af94-7a1450b76681 HTTP/1.1" 200 353
2026-07-31 23:38:47,373 Starting new HTTP connection (1): localhost:8000
2026-07-31 23:38:47,385 http://localhost:8000 "GET /jobs/a7b4b088-f878-45c4-af94-7a1450b76681 HTTP/1.1" 200 353
2026-07-31 23:38:50,393 Starting new HTTP connection (1): localhost:8000
2026-07-31 23:38:50,406 http://localhost:8000 "GET /jobs/a7b4b088-f878-45c4-af94-7a1450b76681 HTTP/1.1" 200 353
2026-07-31 23:38:53,411 Starting new HTTP connection (1): localhost:8000
2026-07-31 23:38:53,427 http://localhost:8000 "GET /jobs/a7b4b088-f878-45c4-af94-7a1450b76681 HTTP/1.1" 200 353
2026-07-31 23:38:56,432 Starting new HTTP connection (1): localhost:8000
2026-07-31 23:38:56,451 http://localhost:8000 "GET /jobs/a7b4b088-f878-45c4-af94-7a1450b76681 HTTP/1.1" 200 353
2026-07-31 23:38:59,458 Starting new HTTP connection (1): localhost:8000
2026-07-31 23:38:59,470 http://localhost:8000 "GET /jobs/a7b4b088-f878-45c4-af94-7a1450b76681 HTTP/1.1" 200 353
2026-07-31 23:39:02,476 Starting new HTTP connection (1): localhost:8000
2026-07-31 23:39:02,490 http://localhost:8000 "GET /jobs/a7b4b088-f878-45c4-af94-7a1450b76681 HTTP/1.1" 200 353
2026-07-31 23:39:05,494 Starting new HTTP connection (1): localhost:8000
2026-07-31 23:39:05,502 http://localhost:8000 "GET /jobs/a7b4b088-f878-45c4-af94-7a1450b76681 HTTP/1.1" 200 353
2026-07-31 23:39:08,507 Starting new HTTP connection (1): localhost:8000
2026-07-31 23:39:08,518 http://localhost:8000 "GET /jobs/a7b4b088-f878-45c4-af94-7a1450b76681 HTTP/1.1" 200 353
2026-07-31 23:39:11,526 Starting new HTTP connection (1): localhost:8000
2026-07-31 23:39:11,539 http://localhost:8000 "GET /jobs/a7b4b088-f878-45c4-af94-7a1450b76681 HTTP/1.1" 200 353
2026-07-31 23:39:14,544 Starting new HTTP connection (1): localhost:8000
2026-07-31 23:39:14,562 http://localhost:8000 "GET /jobs/a7b4b088-f878-45c4-af94-7a1450b76681 HTTP/1.1" 200 353
2026-07-31 23:39:17,567 Starting new HTTP connection (1): localhost:8000
2026-07-31 23:39:17,579 http://localhost:8000 "GET /jobs/a7b4b088-f878-45c4-af94-7a1450b76681 HTTP/1.1" 200 353
2026-07-31 23:39:20,586 Starting new HTTP connection (1): localhost:8000
2026-07-31 23:39:20,598 http://localhost:8000 "GET /jobs/a7b4b088-f878-45c4-af94-7a1450b76681 HTTP/1.1" 200 353
2026-07-31 23:39:23,603 Starting new HTTP connection (1): localhost:8000
2026-07-31 23:39:23,624 http://localhost:8000 "GET /jobs/a7b4b088-f878-45c4-af94-7a1450b76681 HTTP/1.1" 200 353
2026-07-31 23:39:26,629 Starting new HTTP connection (1): localhost:8000
2026-07-31 23:39:26,640 http://localhost:8000 "GET /jobs/a7b4b088-f878-45c4-af94-7a1450b76681 HTTP/1.1" 200 353
2026-07-31 23:39:29,646 Starting new HTTP connection (1): localhost:8000
2026-07-31 23:39:29,659 http://localhost:8000 "GET /jobs/a7b4b088-f878-45c4-af94-7a1450b76681 HTTP/1.1" 200 353
2026-07-31 23:39:32,668 Starting new HTTP connection (1): localhost:8000
2026-07-31 23:39:32,680 http://localhost:8000 "GET /jobs/a7b4b088-f878-45c4-af94-7a1450b76681 HTTP/1.1" 200 353
2026-07-31 23:39:35,686 Starting new HTTP connection (1): localhost:8000
2026-07-31 23:39:35,697 http://localhost:8000 "GET /jobs/a7b4b088-f878-45c4-af94-7a1450b76681 HTTP/1.1" 200 353
2026-07-31 23:39:38,702 Starting new HTTP connection (1): localhost:8000
2026-07-31 23:39:38,714 http://localhost:8000 "GET /jobs/a7b4b088-f878-45c4-af94-7a1450b76681 HTTP/1.1" 200 353
2026-07-31 23:39:41,721 Starting new HTTP connection (1): localhost:8000
2026-07-31 23:39:41,734 http://localhost:8000 "GET /jobs/a7b4b088-f878-45c4-af94-7a1450b76681 HTTP/1.1" 200 353
2026-07-31 23:39:44,738 Starting new HTTP connection (1): localhost:8000
2026-07-31 23:39:44,748 http://localhost:8000 "GET /jobs/a7b4b088-f878-45c4-af94-7a1450b76681 HTTP/1.1" 200 353
2026-07-31 23:39:47,754 Starting new HTTP connection (1): localhost:8000
2026-07-31 23:39:47,763 http://localhost:8000 "GET /jobs/a7b4b088-f878-45c4-af94-7a1450b76681 HTTP/1.1" 200 353
2026-07-31 23:39:50,769 Starting new HTTP connection (1): localhost:8000
2026-07-31 23:39:50,780 http://localhost:8000 "GET /jobs/a7b4b088-f878-45c4-af94-7a1450b76681 HTTP/1.1" 200 353
2026-07-31 23:39:53,787 Starting new HTTP connection (1): localhost:8000
2026-07-31 23:39:53,797 http://localhost:8000 "GET /jobs/a7b4b088-f878-45c4-af94-7a1450b76681 HTTP/1.1" 200 353
2026-07-31 23:39:56,800 Starting new HTTP connection (1): localhost:8000
2026-07-31 23:39:56,815 http://localhost:8000 "GET /jobs/a7b4b088-f878-45c4-af94-7a1450b76681 HTTP/1.1" 200 353
2026-07-31 23:39:59,820 Starting new HTTP connection (1): localhost:8000
2026-07-31 23:39:59,836 http://localhost:8000 "GET /jobs/a7b4b088-f878-45c4-af94-7a1450b76681 HTTP/1.1" 200 353
2026-07-31 23:40:02,843 Starting new HTTP connection (1): localhost:8000
2026-07-31 23:40:02,861 http://localhost:8000 "GET /jobs/a7b4b088-f878-45c4-af94-7a1450b76681 HTTP/1.1" 200 353
2026-07-31 23:40:05,866 Starting new HTTP connection (1): localhost:8000
2026-07-31 23:40:05,877 http://localhost:8000 "GET /jobs/a7b4b088-f878-45c4-af94-7a1450b76681 HTTP/1.1" 200 353
2026-07-31 23:40:08,881 Starting new HTTP connection (1): localhost:8000
2026-07-31 23:40:08,891 http://localhost:8000 "GET /jobs/a7b4b088-f878-45c4-af94-7a1450b76681 HTTP/1.1" 200 353
2026-07-31 23:40:11,896 Starting new HTTP connection (1): localhost:8000
2026-07-31 23:40:11,905 http://localhost:8000 "GET /jobs/a7b4b088-f878-45c4-af94-7a1450b76681 HTTP/1.1" 200 353
2026-07-31 23:40:14,910 Starting new HTTP connection (1): localhost:8000
2026-07-31 23:40:14,919 http://localhost:8000 "GET /jobs/a7b4b088-f878-45c4-af94-7a1450b76681 HTTP/1.1" 200 353
2026-07-31 23:40:17,923 Starting new HTTP connection (1): localhost:8000
2026-07-31 23:40:17,939 http://localhost:8000 "GET /jobs/a7b4b088-f878-45c4-af94-7a1450b76681 HTTP/1.1" 200 349
2026-07-31 23:40:20,945 Starting new HTTP connection (1): localhost:8000
2026-07-31 23:40:20,955 http://localhost:8000 "GET /jobs/a7b4b088-f878-45c4-af94-7a1450b76681 HTTP/1.1" 200 349
2026-07-31 23:40:23,959 Starting new HTTP connection (1): localhost:8000
2026-07-31 23:40:23,967 http://localhost:8000 "GET /jobs/a7b4b088-f878-45c4-af94-7a1450b76681 HTTP/1.1" 200 574
2026-07-31 23:41:18,964 Starting new HTTP connection (1): localhost:8000
2026-07-31 23:41:19,021 http://localhost:8000 "POST /jobs HTTP/1.1" 201 303
2026-07-31 23:41:22,027 Starting new HTTP connection (1): localhost:8000
2026-07-31 23:41:22,053 http://localhost:8000 "GET /jobs/9caafde1-8132-40a2-b216-2cf3d45b09b9 HTTP/1.1" 200 357
2026-07-31 23:41:25,060 Starting new HTTP connection (1): localhost:8000
2026-07-31 23:41:25,234 http://localhost:8000 "GET /jobs/9caafde1-8132-40a2-b216-2cf3d45b09b9 HTTP/1.1" 200 357
2026-07-31 23:41:28,240 Starting new HTTP connection (1): localhost:8000
2026-07-31 23:41:28,261 http://localhost:8000 "GET /jobs/9caafde1-8132-40a2-b216-2cf3d45b09b9 HTTP/1.1" 200 357
2026-07-31 23:41:31,267 Starting new HTTP connection (1): localhost:8000
2026-07-31 23:41:31,277 http://localhost:8000 "GET /jobs/9caafde1-8132-40a2-b216-2cf3d45b09b9 HTTP/1.1" 200 357
2026-07-31 23:41:34,284 Starting new HTTP connection (1): localhost:8000
2026-07-31 23:41:34,296 http://localhost:8000 "GET /jobs/9caafde1-8132-40a2-b216-2cf3d45b09b9 HTTP/1.1" 200 357
2026-07-31 23:41:37,300 Starting new HTTP connection (1): localhost:8000
2026-07-31 23:41:37,312 http://localhost:8000 "GET /jobs/9caafde1-8132-40a2-b216-2cf3d45b09b9 HTTP/1.1" 200 357
2026-07-31 23:41:40,317 Starting new HTTP connection (1): localhost:8000
2026-07-31 23:41:40,329 http://localhost:8000 "GET /jobs/9caafde1-8132-40a2-b216-2cf3d45b09b9 HTTP/1.1" 200 357
2026-07-31 23:41:43,335 Starting new HTTP connection (1): localhost:8000
2026-07-31 23:41:43,352 http://localhost:8000 "GET /jobs/9caafde1-8132-40a2-b216-2cf3d45b09b9 HTTP/1.1" 200 357
2026-07-31 23:41:46,356 Starting new HTTP connection (1): localhost:8000
2026-07-31 23:41:46,373 http://localhost:8000 "GET /jobs/9caafde1-8132-40a2-b216-2cf3d45b09b9 HTTP/1.1" 200 337
2026-07-31 23:43:14,282 watchdog started, watching PID 10660
2026-07-31 23:43:14,962 Starting new HTTP connection (1): localhost:8000
2026-07-31 23:43:26,580 Starting new HTTP connection (1): localhost:8000
2026-07-31 23:43:26,615 http://localhost:8000 "GET /jobs/health-check-dummy HTTP/1.1" 404 26
2026-07-31 23:43:45,034 Starting new HTTP connection (1): localhost:8000
2026-07-31 23:43:45,228 http://localhost:8000 "POST /jobs HTTP/1.1" 201 303
2026-07-31 23:43:48,233 Starting new HTTP connection (1): localhost:8000
2026-07-31 23:43:48,242 http://localhost:8000 "GET /jobs/5071dc0f-8f3d-4a21-90ef-cac67268bb7e HTTP/1.1" 200 357
2026-07-31 23:43:51,247 Starting new HTTP connection (1): localhost:8000
2026-07-31 23:43:51,256 http://localhost:8000 "GET /jobs/5071dc0f-8f3d-4a21-90ef-cac67268bb7e HTTP/1.1" 200 357
2026-07-31 23:43:54,262 Starting new HTTP connection (1): localhost:8000
2026-07-31 23:43:54,275 http://localhost:8000 "GET /jobs/5071dc0f-8f3d-4a21-90ef-cac67268bb7e HTTP/1.1" 200 357
2026-07-31 23:43:57,280 Starting new HTTP connection (1): localhost:8000
2026-07-31 23:43:57,293 http://localhost:8000 "GET /jobs/5071dc0f-8f3d-4a21-90ef-cac67268bb7e HTTP/1.1" 200 357
2026-07-31 23:44:00,299 Starting new HTTP connection (1): localhost:8000
2026-07-31 23:44:00,311 http://localhost:8000 "GET /jobs/5071dc0f-8f3d-4a21-90ef-cac67268bb7e HTTP/1.1" 200 357
2026-07-31 23:44:03,317 Starting new HTTP connection (1): localhost:8000
2026-07-31 23:44:03,326 http://localhost:8000 "GET /jobs/5071dc0f-8f3d-4a21-90ef-cac67268bb7e HTTP/1.1" 200 357
2026-07-31 23:44:06,332 Starting new HTTP connection (1): localhost:8000
2026-07-31 23:44:06,344 http://localhost:8000 "GET /jobs/5071dc0f-8f3d-4a21-90ef-cac67268bb7e HTTP/1.1" 200 357
2026-07-31 23:44:09,349 Starting new HTTP connection (1): localhost:8000
2026-07-31 23:44:09,362 http://localhost:8000 "GET /jobs/5071dc0f-8f3d-4a21-90ef-cac67268bb7e HTTP/1.1" 200 357
2026-07-31 23:44:12,367 Starting new HTTP connection (1): localhost:8000
2026-07-31 23:44:12,387 http://localhost:8000 "GET /jobs/5071dc0f-8f3d-4a21-90ef-cac67268bb7e HTTP/1.1" 200 357
2026-07-31 23:44:15,392 Starting new HTTP connection (1): localhost:8000
2026-07-31 23:44:15,402 http://localhost:8000 "GET /jobs/5071dc0f-8f3d-4a21-90ef-cac67268bb7e HTTP/1.1" 200 357
2026-07-31 23:44:18,407 Starting new HTTP connection (1): localhost:8000
2026-07-31 23:44:18,416 http://localhost:8000 "GET /jobs/5071dc0f-8f3d-4a21-90ef-cac67268bb7e HTTP/1.1" 200 357
2026-07-31 23:44:21,421 Starting new HTTP connection (1): localhost:8000
2026-07-31 23:44:21,434 http://localhost:8000 "GET /jobs/5071dc0f-8f3d-4a21-90ef-cac67268bb7e HTTP/1.1" 200 357
2026-07-31 23:44:24,440 Starting new HTTP connection (1): localhost:8000
2026-07-31 23:44:24,474 http://localhost:8000 "GET /jobs/5071dc0f-8f3d-4a21-90ef-cac67268bb7e HTTP/1.1" 200 357
2026-07-31 23:44:27,479 Starting new HTTP connection (1): localhost:8000
2026-07-31 23:44:27,492 http://localhost:8000 "GET /jobs/5071dc0f-8f3d-4a21-90ef-cac67268bb7e HTTP/1.1" 200 357
2026-07-31 23:44:30,497 Starting new HTTP connection (1): localhost:8000
2026-07-31 23:44:30,505 http://localhost:8000 "GET /jobs/5071dc0f-8f3d-4a21-90ef-cac67268bb7e HTTP/1.1" 200 357
2026-07-31 23:44:33,512 Starting new HTTP connection (1): localhost:8000
2026-07-31 23:44:33,520 http://localhost:8000 "GET /jobs/5071dc0f-8f3d-4a21-90ef-cac67268bb7e HTTP/1.1" 200 357
2026-07-31 23:44:36,524 Starting new HTTP connection (1): localhost:8000
2026-07-31 23:44:36,533 http://localhost:8000 "GET /jobs/5071dc0f-8f3d-4a21-90ef-cac67268bb7e HTTP/1.1" 200 357
2026-07-31 23:44:39,538 Starting new HTTP connection (1): localhost:8000
2026-07-31 23:44:39,549 http://localhost:8000 "GET /jobs/5071dc0f-8f3d-4a21-90ef-cac67268bb7e HTTP/1.1" 200 357
2026-07-31 23:44:42,552 Starting new HTTP connection (1): localhost:8000
2026-07-31 23:44:42,563 http://localhost:8000 "GET /jobs/5071dc0f-8f3d-4a21-90ef-cac67268bb7e HTTP/1.1" 200 357
2026-07-31 23:44:45,568 Starting new HTTP connection (1): localhost:8000
2026-07-31 23:44:45,577 http://localhost:8000 "GET /jobs/5071dc0f-8f3d-4a21-90ef-cac67268bb7e HTTP/1.1" 200 357
2026-07-31 23:44:48,581 Starting new HTTP connection (1): localhost:8000
2026-07-31 23:44:48,591 http://localhost:8000 "GET /jobs/5071dc0f-8f3d-4a21-90ef-cac67268bb7e HTTP/1.1" 200 357
2026-07-31 23:44:51,597 Starting new HTTP connection (1): localhost:8000
2026-07-31 23:44:51,608 http://localhost:8000 "GET /jobs/5071dc0f-8f3d-4a21-90ef-cac67268bb7e HTTP/1.1" 200 353
2026-07-31 23:44:54,613 Starting new HTTP connection (1): localhost:8000
2026-07-31 23:44:54,622 http://localhost:8000 "GET /jobs/5071dc0f-8f3d-4a21-90ef-cac67268bb7e HTTP/1.1" 200 353
2026-07-31 23:44:57,628 Starting new HTTP connection (1): localhost:8000
2026-07-31 23:44:57,640 http://localhost:8000 "GET /jobs/5071dc0f-8f3d-4a21-90ef-cac67268bb7e HTTP/1.1" 200 353
2026-07-31 23:45:00,646 Starting new HTTP connection (1): localhost:8000
2026-07-31 23:45:00,665 http://localhost:8000 "GET /jobs/5071dc0f-8f3d-4a21-90ef-cac67268bb7e HTTP/1.1" 200 353
2026-07-31 23:45:03,669 Starting new HTTP connection (1): localhost:8000
2026-07-31 23:45:03,680 http://localhost:8000 "GET /jobs/5071dc0f-8f3d-4a21-90ef-cac67268bb7e HTTP/1.1" 200 353
2026-07-31 23:45:06,686 Starting new HTTP connection (1): localhost:8000
2026-07-31 23:45:06,709 http://localhost:8000 "GET /jobs/5071dc0f-8f3d-4a21-90ef-cac67268bb7e HTTP/1.1" 200 353
2026-07-31 23:45:09,721 Starting new HTTP connection (1): localhost:8000
2026-07-31 23:45:09,772 http://localhost:8000 "GET /jobs/5071dc0f-8f3d-4a21-90ef-cac67268bb7e HTTP/1.1" 200 353
2026-07-31 23:45:12,778 Starting new HTTP connection (1): localhost:8000
2026-07-31 23:45:12,787 http://localhost:8000 "GET /jobs/5071dc0f-8f3d-4a21-90ef-cac67268bb7e HTTP/1.1" 200 353
2026-07-31 23:45:15,793 Starting new HTTP connection (1): localhost:8000
2026-07-31 23:45:15,830 http://localhost:8000 "GET /jobs/5071dc0f-8f3d-4a21-90ef-cac67268bb7e HTTP/1.1" 200 353
2026-07-31 23:45:18,835 Starting new HTTP connection (1): localhost:8000
2026-07-31 23:45:18,844 http://localhost:8000 "GET /jobs/5071dc0f-8f3d-4a21-90ef-cac67268bb7e HTTP/1.1" 200 353
2026-07-31 23:45:21,849 Starting new HTTP connection (1): localhost:8000
2026-07-31 23:45:21,862 http://localhost:8000 "GET /jobs/5071dc0f-8f3d-4a21-90ef-cac67268bb7e HTTP/1.1" 200 353
2026-07-31 23:45:24,867 Starting new HTTP connection (1): localhost:8000
2026-07-31 23:45:24,884 http://localhost:8000 "GET /jobs/5071dc0f-8f3d-4a21-90ef-cac67268bb7e HTTP/1.1" 200 353
2026-07-31 23:45:27,890 Starting new HTTP connection (1): localhost:8000
2026-07-31 23:45:27,899 http://localhost:8000 "GET /jobs/5071dc0f-8f3d-4a21-90ef-cac67268bb7e HTTP/1.1" 200 353
2026-07-31 23:45:30,904 Starting new HTTP connection (1): localhost:8000
2026-07-31 23:45:30,912 http://localhost:8000 "GET /jobs/5071dc0f-8f3d-4a21-90ef-cac67268bb7e HTTP/1.1" 200 353
2026-07-31 23:45:33,916 Starting new HTTP connection (1): localhost:8000
2026-07-31 23:45:33,923 http://localhost:8000 "GET /jobs/5071dc0f-8f3d-4a21-90ef-cac67268bb7e HTTP/1.1" 200 353
2026-07-31 23:45:36,928 Starting new HTTP connection (1): localhost:8000
2026-07-31 23:45:36,938 http://localhost:8000 "GET /jobs/5071dc0f-8f3d-4a21-90ef-cac67268bb7e HTTP/1.1" 200 353
2026-07-31 23:45:39,942 Starting new HTTP connection (1): localhost:8000
2026-07-31 23:45:39,964 http://localhost:8000 "GET /jobs/5071dc0f-8f3d-4a21-90ef-cac67268bb7e HTTP/1.1" 200 353
2026-07-31 23:45:42,969 Starting new HTTP connection (1): localhost:8000
2026-07-31 23:45:42,978 http://localhost:8000 "GET /jobs/5071dc0f-8f3d-4a21-90ef-cac67268bb7e HTTP/1.1" 200 353
2026-07-31 23:45:45,982 Starting new HTTP connection (1): localhost:8000
2026-07-31 23:45:45,993 http://localhost:8000 "GET /jobs/5071dc0f-8f3d-4a21-90ef-cac67268bb7e HTTP/1.1" 200 353
2026-07-31 23:45:49,000 Starting new HTTP connection (1): localhost:8000
2026-07-31 23:45:49,023 http://localhost:8000 "GET /jobs/5071dc0f-8f3d-4a21-90ef-cac67268bb7e HTTP/1.1" 200 353
2026-07-31 23:45:52,032 Starting new HTTP connection (1): localhost:8000
2026-07-31 23:45:52,054 http://localhost:8000 "GET /jobs/5071dc0f-8f3d-4a21-90ef-cac67268bb7e HTTP/1.1" 200 353
2026-07-31 23:45:55,063 Starting new HTTP connection (1): localhost:8000
2026-07-31 23:45:55,072 http://localhost:8000 "GET /jobs/5071dc0f-8f3d-4a21-90ef-cac67268bb7e HTTP/1.1" 200 353
2026-07-31 23:45:58,077 Starting new HTTP connection (1): localhost:8000
2026-07-31 23:45:58,101 http://localhost:8000 "GET /jobs/5071dc0f-8f3d-4a21-90ef-cac67268bb7e HTTP/1.1" 200 353
2026-07-31 23:46:01,106 Starting new HTTP connection (1): localhost:8000
2026-07-31 23:46:01,143 http://localhost:8000 "GET /jobs/5071dc0f-8f3d-4a21-90ef-cac67268bb7e HTTP/1.1" 200 353
2026-07-31 23:46:04,149 Starting new HTTP connection (1): localhost:8000
2026-07-31 23:46:04,158 http://localhost:8000 "GET /jobs/5071dc0f-8f3d-4a21-90ef-cac67268bb7e HTTP/1.1" 200 353
2026-07-31 23:46:07,164 Starting new HTTP connection (1): localhost:8000
2026-07-31 23:46:07,188 http://localhost:8000 "GET /jobs/5071dc0f-8f3d-4a21-90ef-cac67268bb7e HTTP/1.1" 200 353
2026-07-31 23:46:10,192 Starting new HTTP connection (1): localhost:8000
2026-07-31 23:46:10,206 http://localhost:8000 "GET /jobs/5071dc0f-8f3d-4a21-90ef-cac67268bb7e HTTP/1.1" 200 353
2026-07-31 23:46:13,213 Starting new HTTP connection (1): localhost:8000
2026-07-31 23:46:13,222 http://localhost:8000 "GET /jobs/5071dc0f-8f3d-4a21-90ef-cac67268bb7e HTTP/1.1" 200 353
2026-07-31 23:46:16,226 Starting new HTTP connection (1): localhost:8000
2026-07-31 23:46:16,242 http://localhost:8000 "GET /jobs/5071dc0f-8f3d-4a21-90ef-cac67268bb7e HTTP/1.1" 200 353
2026-07-31 23:46:19,246 Starting new HTTP connection (1): localhost:8000
2026-07-31 23:46:19,256 http://localhost:8000 "GET /jobs/5071dc0f-8f3d-4a21-90ef-cac67268bb7e HTTP/1.1" 200 353
2026-07-31 23:46:22,263 Starting new HTTP connection (1): localhost:8000
2026-07-31 23:46:22,274 http://localhost:8000 "GET /jobs/5071dc0f-8f3d-4a21-90ef-cac67268bb7e HTTP/1.1" 200 353
2026-07-31 23:46:25,279 Starting new HTTP connection (1): localhost:8000
2026-07-31 23:46:25,296 http://localhost:8000 "GET /jobs/5071dc0f-8f3d-4a21-90ef-cac67268bb7e HTTP/1.1" 200 353
2026-07-31 23:46:28,300 Starting new HTTP connection (1): localhost:8000
2026-07-31 23:46:28,326 http://localhost:8000 "GET /jobs/5071dc0f-8f3d-4a21-90ef-cac67268bb7e HTTP/1.1" 200 353
2026-07-31 23:46:31,330 Starting new HTTP connection (1): localhost:8000
2026-07-31 23:46:31,422 http://localhost:8000 "GET /jobs/5071dc0f-8f3d-4a21-90ef-cac67268bb7e HTTP/1.1" 200 353
2026-07-31 23:46:34,427 Starting new HTTP connection (1): localhost:8000
2026-07-31 23:46:34,452 http://localhost:8000 "GET /jobs/5071dc0f-8f3d-4a21-90ef-cac67268bb7e HTTP/1.1" 200 353
2026-07-31 23:46:37,457 Starting new HTTP connection (1): localhost:8000
2026-07-31 23:46:37,493 http://localhost:8000 "GET /jobs/5071dc0f-8f3d-4a21-90ef-cac67268bb7e HTTP/1.1" 200 353
2026-07-31 23:46:40,498 Starting new HTTP connection (1): localhost:8000
2026-07-31 23:46:40,507 http://localhost:8000 "GET /jobs/5071dc0f-8f3d-4a21-90ef-cac67268bb7e HTTP/1.1" 200 353
2026-07-31 23:46:43,512 Starting new HTTP connection (1): localhost:8000
2026-07-31 23:46:43,552 http://localhost:8000 "GET /jobs/5071dc0f-8f3d-4a21-90ef-cac67268bb7e HTTP/1.1" 200 353
2026-07-31 23:46:46,558 Starting new HTTP connection (1): localhost:8000
2026-07-31 23:46:46,566 http://localhost:8000 "GET /jobs/5071dc0f-8f3d-4a21-90ef-cac67268bb7e HTTP/1.1" 200 353
2026-07-31 23:46:49,571 Starting new HTTP connection (1): localhost:8000
2026-07-31 23:46:49,581 http://localhost:8000 "GET /jobs/5071dc0f-8f3d-4a21-90ef-cac67268bb7e HTTP/1.1" 200 353
2026-07-31 23:46:52,586 Starting new HTTP connection (1): localhost:8000
2026-07-31 23:46:52,608 http://localhost:8000 "GET /jobs/5071dc0f-8f3d-4a21-90ef-cac67268bb7e HTTP/1.1" 200 353
2026-07-31 23:46:55,614 Starting new HTTP connection (1): localhost:8000
2026-07-31 23:46:55,630 http://localhost:8000 "GET /jobs/5071dc0f-8f3d-4a21-90ef-cac67268bb7e HTTP/1.1" 200 353
2026-07-31 23:46:58,635 Starting new HTTP connection (1): localhost:8000
2026-07-31 23:46:58,654 http://localhost:8000 "GET /jobs/5071dc0f-8f3d-4a21-90ef-cac67268bb7e HTTP/1.1" 200 353
2026-07-31 23:47:01,658 Starting new HTTP connection (1): localhost:8000
2026-07-31 23:47:01,683 http://localhost:8000 "GET /jobs/5071dc0f-8f3d-4a21-90ef-cac67268bb7e HTTP/1.1" 200 353
2026-07-31 23:47:04,687 Starting new HTTP connection (1): localhost:8000
2026-07-31 23:47:04,705 http://localhost:8000 "GET /jobs/5071dc0f-8f3d-4a21-90ef-cac67268bb7e HTTP/1.1" 200 353
2026-07-31 23:47:07,712 Starting new HTTP connection (1): localhost:8000
2026-07-31 23:47:07,731 http://localhost:8000 "GET /jobs/5071dc0f-8f3d-4a21-90ef-cac67268bb7e HTTP/1.1" 200 353
2026-07-31 23:47:10,735 Starting new HTTP connection (1): localhost:8000
2026-07-31 23:47:10,768 http://localhost:8000 "GET /jobs/5071dc0f-8f3d-4a21-90ef-cac67268bb7e HTTP/1.1" 200 353
2026-07-31 23:47:13,770 Starting new HTTP connection (1): localhost:8000
2026-07-31 23:47:13,794 http://localhost:8000 "GET /jobs/5071dc0f-8f3d-4a21-90ef-cac67268bb7e HTTP/1.1" 200 353
2026-07-31 23:47:16,799 Starting new HTTP connection (1): localhost:8000
2026-07-31 23:47:16,841 http://localhost:8000 "GET /jobs/5071dc0f-8f3d-4a21-90ef-cac67268bb7e HTTP/1.1" 200 353
2026-07-31 23:47:19,846 Starting new HTTP connection (1): localhost:8000
2026-07-31 23:47:19,859 http://localhost:8000 "GET /jobs/5071dc0f-8f3d-4a21-90ef-cac67268bb7e HTTP/1.1" 200 353
2026-07-31 23:47:22,865 Starting new HTTP connection (1): localhost:8000
2026-07-31 23:47:22,892 http://localhost:8000 "GET /jobs/5071dc0f-8f3d-4a21-90ef-cac67268bb7e HTTP/1.1" 200 353
2026-07-31 23:47:25,899 Starting new HTTP connection (1): localhost:8000
2026-07-31 23:47:25,912 http://localhost:8000 "GET /jobs/5071dc0f-8f3d-4a21-90ef-cac67268bb7e HTTP/1.1" 200 353
2026-07-31 23:47:28,919 Starting new HTTP connection (1): localhost:8000
2026-07-31 23:47:28,931 http://localhost:8000 "GET /jobs/5071dc0f-8f3d-4a21-90ef-cac67268bb7e HTTP/1.1" 200 353
2026-07-31 23:47:31,935 Starting new HTTP connection (1): localhost:8000
2026-07-31 23:47:31,961 http://localhost:8000 "GET /jobs/5071dc0f-8f3d-4a21-90ef-cac67268bb7e HTTP/1.1" 200 353
2026-07-31 23:47:34,964 Starting new HTTP connection (1): localhost:8000
2026-07-31 23:47:34,987 http://localhost:8000 "GET /jobs/5071dc0f-8f3d-4a21-90ef-cac67268bb7e HTTP/1.1" 200 353
2026-07-31 23:47:37,992 Starting new HTTP connection (1): localhost:8000
2026-07-31 23:47:38,000 http://localhost:8000 "GET /jobs/5071dc0f-8f3d-4a21-90ef-cac67268bb7e HTTP/1.1" 200 353
2026-07-31 23:47:41,005 Starting new HTTP connection (1): localhost:8000
2026-07-31 23:47:41,017 http://localhost:8000 "GET /jobs/5071dc0f-8f3d-4a21-90ef-cac67268bb7e HTTP/1.1" 200 353
2026-07-31 23:47:44,025 Starting new HTTP connection (1): localhost:8000
2026-07-31 23:47:44,057 http://localhost:8000 "GET /jobs/5071dc0f-8f3d-4a21-90ef-cac67268bb7e HTTP/1.1" 200 353
2026-07-31 23:47:47,063 Starting new HTTP connection (1): localhost:8000
2026-07-31 23:47:47,140 http://localhost:8000 "GET /jobs/5071dc0f-8f3d-4a21-90ef-cac67268bb7e HTTP/1.1" 200 353
2026-07-31 23:47:50,146 Starting new HTTP connection (1): localhost:8000
2026-07-31 23:47:50,155 http://localhost:8000 "GET /jobs/5071dc0f-8f3d-4a21-90ef-cac67268bb7e HTTP/1.1" 200 353
2026-07-31 23:47:53,160 Starting new HTTP connection (1): localhost:8000
2026-07-31 23:47:53,179 http://localhost:8000 "GET /jobs/5071dc0f-8f3d-4a21-90ef-cac67268bb7e HTTP/1.1" 200 353
2026-07-31 23:47:56,188 Starting new HTTP connection (1): localhost:8000
2026-07-31 23:47:56,197 http://localhost:8000 "GET /jobs/5071dc0f-8f3d-4a21-90ef-cac67268bb7e HTTP/1.1" 200 353
2026-07-31 23:47:59,202 Starting new HTTP connection (1): localhost:8000
2026-07-31 23:47:59,212 http://localhost:8000 "GET /jobs/5071dc0f-8f3d-4a21-90ef-cac67268bb7e HTTP/1.1" 200 353
2026-07-31 23:48:02,219 Starting new HTTP connection (1): localhost:8000
2026-07-31 23:48:02,226 http://localhost:8000 "GET /jobs/5071dc0f-8f3d-4a21-90ef-cac67268bb7e HTTP/1.1" 200 353
2026-07-31 23:48:05,231 Starting new HTTP connection (1): localhost:8000
2026-07-31 23:48:05,256 http://localhost:8000 "GET /jobs/5071dc0f-8f3d-4a21-90ef-cac67268bb7e HTTP/1.1" 200 353
2026-07-31 23:48:08,260 Starting new HTTP connection (1): localhost:8000
2026-07-31 23:48:08,271 http://localhost:8000 "GET /jobs/5071dc0f-8f3d-4a21-90ef-cac67268bb7e HTTP/1.1" 200 353
2026-07-31 23:48:11,278 Starting new HTTP connection (1): localhost:8000
2026-07-31 23:48:11,304 http://localhost:8000 "GET /jobs/5071dc0f-8f3d-4a21-90ef-cac67268bb7e HTTP/1.1" 200 353
2026-07-31 23:48:14,322 Starting new HTTP connection (1): localhost:8000
2026-07-31 23:48:14,336 http://localhost:8000 "GET /jobs/5071dc0f-8f3d-4a21-90ef-cac67268bb7e HTTP/1.1" 200 353
2026-07-31 23:48:17,341 Starting new HTTP connection (1): localhost:8000
2026-07-31 23:48:17,411 http://localhost:8000 "GET /jobs/5071dc0f-8f3d-4a21-90ef-cac67268bb7e HTTP/1.1" 200 353
2026-07-31 23:48:20,416 Starting new HTTP connection (1): localhost:8000
2026-07-31 23:48:20,437 http://localhost:8000 "GET /jobs/5071dc0f-8f3d-4a21-90ef-cac67268bb7e HTTP/1.1" 200 353
2026-07-31 23:48:23,443 Starting new HTTP connection (1): localhost:8000
2026-07-31 23:48:23,481 http://localhost:8000 "GET /jobs/5071dc0f-8f3d-4a21-90ef-cac67268bb7e HTTP/1.1" 200 353
2026-07-31 23:48:26,485 Starting new HTTP connection (1): localhost:8000
2026-07-31 23:48:26,510 http://localhost:8000 "GET /jobs/5071dc0f-8f3d-4a21-90ef-cac67268bb7e HTTP/1.1" 200 353
2026-07-31 23:48:29,516 Starting new HTTP connection (1): localhost:8000
2026-07-31 23:48:29,526 http://localhost:8000 "GET /jobs/5071dc0f-8f3d-4a21-90ef-cac67268bb7e HTTP/1.1" 200 353
2026-07-31 23:48:32,531 Starting new HTTP connection (1): localhost:8000
2026-07-31 23:48:32,539 http://localhost:8000 "GET /jobs/5071dc0f-8f3d-4a21-90ef-cac67268bb7e HTTP/1.1" 200 353
2026-07-31 23:48:35,544 Starting new HTTP connection (1): localhost:8000
2026-07-31 23:48:35,559 http://localhost:8000 "GET /jobs/5071dc0f-8f3d-4a21-90ef-cac67268bb7e HTTP/1.1" 200 353
2026-07-31 23:48:38,564 Starting new HTTP connection (1): localhost:8000
2026-07-31 23:48:38,577 http://localhost:8000 "GET /jobs/5071dc0f-8f3d-4a21-90ef-cac67268bb7e HTTP/1.1" 200 353
2026-07-31 23:48:41,582 Starting new HTTP connection (1): localhost:8000
2026-07-31 23:48:41,597 http://localhost:8000 "GET /jobs/5071dc0f-8f3d-4a21-90ef-cac67268bb7e HTTP/1.1" 200 353
2026-07-31 23:48:44,602 Starting new HTTP connection (1): localhost:8000
2026-07-31 23:48:44,639 http://localhost:8000 "GET /jobs/5071dc0f-8f3d-4a21-90ef-cac67268bb7e HTTP/1.1" 200 353
2026-07-31 23:48:47,644 Starting new HTTP connection (1): localhost:8000
2026-07-31 23:48:47,654 http://localhost:8000 "GET /jobs/5071dc0f-8f3d-4a21-90ef-cac67268bb7e HTTP/1.1" 200 353
2026-07-31 23:48:50,660 Starting new HTTP connection (1): localhost:8000
2026-07-31 23:48:50,684 http://localhost:8000 "GET /jobs/5071dc0f-8f3d-4a21-90ef-cac67268bb7e HTTP/1.1" 200 353
2026-07-31 23:48:53,688 Starting new HTTP connection (1): localhost:8000
2026-07-31 23:48:53,701 http://localhost:8000 "GET /jobs/5071dc0f-8f3d-4a21-90ef-cac67268bb7e HTTP/1.1" 200 353
2026-07-31 23:48:56,705 Starting new HTTP connection (1): localhost:8000
2026-07-31 23:48:56,725 http://localhost:8000 "GET /jobs/5071dc0f-8f3d-4a21-90ef-cac67268bb7e HTTP/1.1" 200 353
2026-07-31 23:48:59,730 Starting new HTTP connection (1): localhost:8000
2026-07-31 23:48:59,761 http://localhost:8000 "GET /jobs/5071dc0f-8f3d-4a21-90ef-cac67268bb7e HTTP/1.1" 200 353
2026-07-31 23:49:02,765 Starting new HTTP connection (1): localhost:8000
2026-07-31 23:49:02,795 http://localhost:8000 "GET /jobs/5071dc0f-8f3d-4a21-90ef-cac67268bb7e HTTP/1.1" 200 353
2026-07-31 23:49:05,800 Starting new HTTP connection (1): localhost:8000
2026-07-31 23:49:05,814 http://localhost:8000 "GET /jobs/5071dc0f-8f3d-4a21-90ef-cac67268bb7e HTTP/1.1" 200 353
2026-07-31 23:49:08,818 Starting new HTTP connection (1): localhost:8000
2026-07-31 23:49:08,828 http://localhost:8000 "GET /jobs/5071dc0f-8f3d-4a21-90ef-cac67268bb7e HTTP/1.1" 200 353
2026-07-31 23:49:11,833 Starting new HTTP connection (1): localhost:8000
2026-07-31 23:49:11,841 http://localhost:8000 "GET /jobs/5071dc0f-8f3d-4a21-90ef-cac67268bb7e HTTP/1.1" 200 353
2026-07-31 23:49:14,848 Starting new HTTP connection (1): localhost:8000
2026-07-31 23:49:14,855 http://localhost:8000 "GET /jobs/5071dc0f-8f3d-4a21-90ef-cac67268bb7e HTTP/1.1" 200 353
2026-07-31 23:49:17,863 Starting new HTTP connection (1): localhost:8000
2026-07-31 23:49:17,871 http://localhost:8000 "GET /jobs/5071dc0f-8f3d-4a21-90ef-cac67268bb7e HTTP/1.1" 200 353
2026-07-31 23:49:20,875 Starting new HTTP connection (1): localhost:8000
2026-07-31 23:49:20,894 http://localhost:8000 "GET /jobs/5071dc0f-8f3d-4a21-90ef-cac67268bb7e HTTP/1.1" 200 353
2026-07-31 23:49:23,898 Starting new HTTP connection (1): localhost:8000
2026-07-31 23:49:23,914 http://localhost:8000 "GET /jobs/5071dc0f-8f3d-4a21-90ef-cac67268bb7e HTTP/1.1" 200 353
2026-07-31 23:49:26,923 Starting new HTTP connection (1): localhost:8000
2026-07-31 23:49:26,956 http://localhost:8000 "GET /jobs/5071dc0f-8f3d-4a21-90ef-cac67268bb7e HTTP/1.1" 200 353
2026-07-31 23:49:29,961 Starting new HTTP connection (1): localhost:8000
2026-07-31 23:49:29,971 http://localhost:8000 "GET /jobs/5071dc0f-8f3d-4a21-90ef-cac67268bb7e HTTP/1.1" 200 353
2026-07-31 23:49:32,976 Starting new HTTP connection (1): localhost:8000
2026-07-31 23:49:32,997 http://localhost:8000 "GET /jobs/5071dc0f-8f3d-4a21-90ef-cac67268bb7e HTTP/1.1" 200 353
2026-07-31 23:49:36,003 Starting new HTTP connection (1): localhost:8000
2026-07-31 23:49:36,015 http://localhost:8000 "GET /jobs/5071dc0f-8f3d-4a21-90ef-cac67268bb7e HTTP/1.1" 200 353
2026-07-31 23:49:39,020 Starting new HTTP connection (1): localhost:8000
2026-07-31 23:49:39,038 http://localhost:8000 "GET /jobs/5071dc0f-8f3d-4a21-90ef-cac67268bb7e HTTP/1.1" 200 353
2026-07-31 23:49:42,046 Starting new HTTP connection (1): localhost:8000
2026-07-31 23:49:42,055 http://localhost:8000 "GET /jobs/5071dc0f-8f3d-4a21-90ef-cac67268bb7e HTTP/1.1" 200 353
2026-07-31 23:49:45,060 Starting new HTTP connection (1): localhost:8000
2026-07-31 23:49:45,070 http://localhost:8000 "GET /jobs/5071dc0f-8f3d-4a21-90ef-cac67268bb7e HTTP/1.1" 200 353
2026-07-31 23:49:48,075 Starting new HTTP connection (1): localhost:8000
2026-07-31 23:49:48,085 http://localhost:8000 "GET /jobs/5071dc0f-8f3d-4a21-90ef-cac67268bb7e HTTP/1.1" 200 353
2026-07-31 23:49:51,099 Starting new HTTP connection (1): localhost:8000
2026-07-31 23:49:51,114 http://localhost:8000 "GET /jobs/5071dc0f-8f3d-4a21-90ef-cac67268bb7e HTTP/1.1" 200 353
2026-07-31 23:49:54,118 Starting new HTTP connection (1): localhost:8000
2026-07-31 23:49:54,126 http://localhost:8000 "GET /jobs/5071dc0f-8f3d-4a21-90ef-cac67268bb7e HTTP/1.1" 200 353
2026-07-31 23:49:57,132 Starting new HTTP connection (1): localhost:8000
2026-07-31 23:49:57,155 http://localhost:8000 "GET /jobs/5071dc0f-8f3d-4a21-90ef-cac67268bb7e HTTP/1.1" 200 353
2026-07-31 23:50:00,159 Starting new HTTP connection (1): localhost:8000
2026-07-31 23:50:00,168 http://localhost:8000 "GET /jobs/5071dc0f-8f3d-4a21-90ef-cac67268bb7e HTTP/1.1" 200 353
2026-07-31 23:50:03,176 Starting new HTTP connection (1): localhost:8000
2026-07-31 23:50:03,191 http://localhost:8000 "GET /jobs/5071dc0f-8f3d-4a21-90ef-cac67268bb7e HTTP/1.1" 200 353
2026-07-31 23:50:06,197 Starting new HTTP connection (1): localhost:8000
2026-07-31 23:50:06,206 http://localhost:8000 "GET /jobs/5071dc0f-8f3d-4a21-90ef-cac67268bb7e HTTP/1.1" 200 353
2026-07-31 23:50:09,215 Starting new HTTP connection (1): localhost:8000
2026-07-31 23:50:09,255 http://localhost:8000 "GET /jobs/5071dc0f-8f3d-4a21-90ef-cac67268bb7e HTTP/1.1" 200 353
2026-07-31 23:50:12,259 Starting new HTTP connection (1): localhost:8000
2026-07-31 23:50:12,270 http://localhost:8000 "GET /jobs/5071dc0f-8f3d-4a21-90ef-cac67268bb7e HTTP/1.1" 200 353
2026-07-31 23:50:15,276 Starting new HTTP connection (1): localhost:8000
2026-07-31 23:50:15,284 http://localhost:8000 "GET /jobs/5071dc0f-8f3d-4a21-90ef-cac67268bb7e HTTP/1.1" 200 353
2026-07-31 23:50:18,289 Starting new HTTP connection (1): localhost:8000
2026-07-31 23:50:18,323 http://localhost:8000 "GET /jobs/5071dc0f-8f3d-4a21-90ef-cac67268bb7e HTTP/1.1" 200 353
2026-07-31 23:50:21,331 Starting new HTTP connection (1): localhost:8000
2026-07-31 23:50:21,339 http://localhost:8000 "GET /jobs/5071dc0f-8f3d-4a21-90ef-cac67268bb7e HTTP/1.1" 200 353
2026-07-31 23:50:24,343 Starting new HTTP connection (1): localhost:8000
2026-07-31 23:50:24,357 http://localhost:8000 "GET /jobs/5071dc0f-8f3d-4a21-90ef-cac67268bb7e HTTP/1.1" 200 353
2026-07-31 23:50:27,361 Starting new HTTP connection (1): localhost:8000
2026-07-31 23:50:27,381 http://localhost:8000 "GET /jobs/5071dc0f-8f3d-4a21-90ef-cac67268bb7e HTTP/1.1" 200 353
2026-07-31 23:50:30,386 Starting new HTTP connection (1): localhost:8000
2026-07-31 23:50:30,397 http://localhost:8000 "GET /jobs/5071dc0f-8f3d-4a21-90ef-cac67268bb7e HTTP/1.1" 200 353
2026-07-31 23:50:33,403 Starting new HTTP connection (1): localhost:8000
2026-07-31 23:50:33,442 http://localhost:8000 "GET /jobs/5071dc0f-8f3d-4a21-90ef-cac67268bb7e HTTP/1.1" 200 353
2026-07-31 23:50:36,453 Starting new HTTP connection (1): localhost:8000
2026-07-31 23:50:36,468 http://localhost:8000 "GET /jobs/5071dc0f-8f3d-4a21-90ef-cac67268bb7e HTTP/1.1" 200 353
2026-07-31 23:50:39,474 Starting new HTTP connection (1): localhost:8000
2026-07-31 23:50:39,486 http://localhost:8000 "GET /jobs/5071dc0f-8f3d-4a21-90ef-cac67268bb7e HTTP/1.1" 200 353
2026-07-31 23:50:42,491 Starting new HTTP connection (1): localhost:8000
2026-07-31 23:50:42,512 http://localhost:8000 "GET /jobs/5071dc0f-8f3d-4a21-90ef-cac67268bb7e HTTP/1.1" 200 353
2026-07-31 23:50:45,516 Starting new HTTP connection (1): localhost:8000
2026-07-31 23:50:45,524 http://localhost:8000 "GET /jobs/5071dc0f-8f3d-4a21-90ef-cac67268bb7e HTTP/1.1" 200 353
2026-07-31 23:50:48,533 Starting new HTTP connection (1): localhost:8000
2026-07-31 23:50:48,556 http://localhost:8000 "GET /jobs/5071dc0f-8f3d-4a21-90ef-cac67268bb7e HTTP/1.1" 200 353
2026-07-31 23:50:51,562 Starting new HTTP connection (1): localhost:8000
2026-07-31 23:50:51,573 http://localhost:8000 "GET /jobs/5071dc0f-8f3d-4a21-90ef-cac67268bb7e HTTP/1.1" 200 353
2026-07-31 23:50:54,578 Starting new HTTP connection (1): localhost:8000
2026-07-31 23:50:54,589 http://localhost:8000 "GET /jobs/5071dc0f-8f3d-4a21-90ef-cac67268bb7e HTTP/1.1" 200 353
2026-07-31 23:50:57,594 Starting new HTTP connection (1): localhost:8000
2026-07-31 23:50:57,604 http://localhost:8000 "GET /jobs/5071dc0f-8f3d-4a21-90ef-cac67268bb7e HTTP/1.1" 200 353
2026-07-31 23:51:00,609 Starting new HTTP connection (1): localhost:8000
2026-07-31 23:51:00,622 http://localhost:8000 "GET /jobs/5071dc0f-8f3d-4a21-90ef-cac67268bb7e HTTP/1.1" 200 353
2026-07-31 23:51:03,627 Starting new HTTP connection (1): localhost:8000
2026-07-31 23:51:03,644 http://localhost:8000 "GET /jobs/5071dc0f-8f3d-4a21-90ef-cac67268bb7e HTTP/1.1" 200 353
2026-07-31 23:51:06,650 Starting new HTTP connection (1): localhost:8000
2026-07-31 23:51:06,659 http://localhost:8000 "GET /jobs/5071dc0f-8f3d-4a21-90ef-cac67268bb7e HTTP/1.1" 200 353
2026-07-31 23:51:09,666 Starting new HTTP connection (1): localhost:8000
2026-07-31 23:51:09,689 http://localhost:8000 "GET /jobs/5071dc0f-8f3d-4a21-90ef-cac67268bb7e HTTP/1.1" 200 353
2026-07-31 23:51:12,696 Starting new HTTP connection (1): localhost:8000
2026-07-31 23:51:12,706 http://localhost:8000 "GET /jobs/5071dc0f-8f3d-4a21-90ef-cac67268bb7e HTTP/1.1" 200 353
2026-07-31 23:51:15,711 Starting new HTTP connection (1): localhost:8000
2026-07-31 23:51:15,720 http://localhost:8000 "GET /jobs/5071dc0f-8f3d-4a21-90ef-cac67268bb7e HTTP/1.1" 200 353
2026-07-31 23:51:18,727 Starting new HTTP connection (1): localhost:8000
2026-07-31 23:51:18,739 http://localhost:8000 "GET /jobs/5071dc0f-8f3d-4a21-90ef-cac67268bb7e HTTP/1.1" 200 353
2026-07-31 23:51:21,745 Starting new HTTP connection (1): localhost:8000
2026-07-31 23:51:21,761 http://localhost:8000 "GET /jobs/5071dc0f-8f3d-4a21-90ef-cac67268bb7e HTTP/1.1" 200 353
2026-07-31 23:51:24,766 Starting new HTTP connection (1): localhost:8000
2026-07-31 23:51:24,781 http://localhost:8000 "GET /jobs/5071dc0f-8f3d-4a21-90ef-cac67268bb7e HTTP/1.1" 200 353
2026-07-31 23:51:27,788 Starting new HTTP connection (1): localhost:8000
2026-07-31 23:51:27,809 http://localhost:8000 "GET /jobs/5071dc0f-8f3d-4a21-90ef-cac67268bb7e HTTP/1.1" 200 353
2026-07-31 23:51:30,816 Starting new HTTP connection (1): localhost:8000
2026-07-31 23:51:30,832 http://localhost:8000 "GET /jobs/5071dc0f-8f3d-4a21-90ef-cac67268bb7e HTTP/1.1" 200 353
2026-07-31 23:51:33,837 Starting new HTTP connection (1): localhost:8000
2026-07-31 23:51:33,848 http://localhost:8000 "GET /jobs/5071dc0f-8f3d-4a21-90ef-cac67268bb7e HTTP/1.1" 200 353
2026-07-31 23:51:36,850 Starting new HTTP connection (1): localhost:8000
2026-07-31 23:51:36,876 http://localhost:8000 "GET /jobs/5071dc0f-8f3d-4a21-90ef-cac67268bb7e HTTP/1.1" 200 353
2026-07-31 23:51:39,880 Starting new HTTP connection (1): localhost:8000
2026-07-31 23:51:39,889 http://localhost:8000 "GET /jobs/5071dc0f-8f3d-4a21-90ef-cac67268bb7e HTTP/1.1" 200 353
2026-07-31 23:51:42,893 Starting new HTTP connection (1): localhost:8000
2026-07-31 23:51:42,909 http://localhost:8000 "GET /jobs/5071dc0f-8f3d-4a21-90ef-cac67268bb7e HTTP/1.1" 200 353
2026-07-31 23:51:45,914 Starting new HTTP connection (1): localhost:8000
2026-07-31 23:51:45,921 http://localhost:8000 "GET /jobs/5071dc0f-8f3d-4a21-90ef-cac67268bb7e HTTP/1.1" 200 353
2026-07-31 23:51:48,928 Starting new HTTP connection (1): localhost:8000
2026-07-31 23:51:48,963 http://localhost:8000 "GET /jobs/5071dc0f-8f3d-4a21-90ef-cac67268bb7e HTTP/1.1" 200 353
2026-07-31 23:51:51,968 Starting new HTTP connection (1): localhost:8000
2026-07-31 23:51:51,978 http://localhost:8000 "GET /jobs/5071dc0f-8f3d-4a21-90ef-cac67268bb7e HTTP/1.1" 200 353
2026-07-31 23:51:54,983 Starting new HTTP connection (1): localhost:8000
2026-07-31 23:51:55,006 http://localhost:8000 "GET /jobs/5071dc0f-8f3d-4a21-90ef-cac67268bb7e HTTP/1.1" 200 353
2026-07-31 23:51:58,011 Starting new HTTP connection (1): localhost:8000
2026-07-31 23:51:58,036 http://localhost:8000 "GET /jobs/5071dc0f-8f3d-4a21-90ef-cac67268bb7e HTTP/1.1" 200 353
2026-07-31 23:52:01,037 Starting new HTTP connection (1): localhost:8000
2026-07-31 23:52:01,047 http://localhost:8000 "GET /jobs/5071dc0f-8f3d-4a21-90ef-cac67268bb7e HTTP/1.1" 200 353
2026-07-31 23:52:04,051 Starting new HTTP connection (1): localhost:8000
2026-07-31 23:52:04,085 http://localhost:8000 "GET /jobs/5071dc0f-8f3d-4a21-90ef-cac67268bb7e HTTP/1.1" 200 353
2026-07-31 23:52:07,087 Starting new HTTP connection (1): localhost:8000
2026-07-31 23:52:07,103 http://localhost:8000 "GET /jobs/5071dc0f-8f3d-4a21-90ef-cac67268bb7e HTTP/1.1" 200 353
2026-07-31 23:52:10,108 Starting new HTTP connection (1): localhost:8000
2026-07-31 23:52:10,116 http://localhost:8000 "GET /jobs/5071dc0f-8f3d-4a21-90ef-cac67268bb7e HTTP/1.1" 200 353
2026-07-31 23:52:13,120 Starting new HTTP connection (1): localhost:8000
2026-07-31 23:52:13,129 http://localhost:8000 "GET /jobs/5071dc0f-8f3d-4a21-90ef-cac67268bb7e HTTP/1.1" 200 353
2026-07-31 23:52:16,132 Starting new HTTP connection (1): localhost:8000
2026-07-31 23:52:16,165 http://localhost:8000 "GET /jobs/5071dc0f-8f3d-4a21-90ef-cac67268bb7e HTTP/1.1" 200 353
2026-07-31 23:52:19,169 Starting new HTTP connection (1): localhost:8000
2026-07-31 23:52:19,182 http://localhost:8000 "GET /jobs/5071dc0f-8f3d-4a21-90ef-cac67268bb7e HTTP/1.1" 200 353
2026-07-31 23:52:22,187 Starting new HTTP connection (1): localhost:8000
2026-07-31 23:52:22,227 http://localhost:8000 "GET /jobs/5071dc0f-8f3d-4a21-90ef-cac67268bb7e HTTP/1.1" 200 353
2026-07-31 23:52:25,230 Starting new HTTP connection (1): localhost:8000
2026-07-31 23:52:25,243 http://localhost:8000 "GET /jobs/5071dc0f-8f3d-4a21-90ef-cac67268bb7e HTTP/1.1" 200 353
2026-07-31 23:52:28,246 Starting new HTTP connection (1): localhost:8000
2026-07-31 23:52:28,265 http://localhost:8000 "GET /jobs/5071dc0f-8f3d-4a21-90ef-cac67268bb7e HTTP/1.1" 200 353
2026-07-31 23:52:31,269 Starting new HTTP connection (1): localhost:8000
2026-07-31 23:52:31,295 http://localhost:8000 "GET /jobs/5071dc0f-8f3d-4a21-90ef-cac67268bb7e HTTP/1.1" 200 353
2026-07-31 23:52:34,301 Starting new HTTP connection (1): localhost:8000
2026-07-31 23:52:34,309 http://localhost:8000 "GET /jobs/5071dc0f-8f3d-4a21-90ef-cac67268bb7e HTTP/1.1" 200 353
2026-07-31 23:52:37,315 Starting new HTTP connection (1): localhost:8000
2026-07-31 23:52:37,329 http://localhost:8000 "GET /jobs/5071dc0f-8f3d-4a21-90ef-cac67268bb7e HTTP/1.1" 200 353
2026-07-31 23:52:40,336 Starting new HTTP connection (1): localhost:8000
2026-07-31 23:52:40,342 http://localhost:8000 "GET /jobs/5071dc0f-8f3d-4a21-90ef-cac67268bb7e HTTP/1.1" 200 353
2026-07-31 23:52:43,349 Starting new HTTP connection (1): localhost:8000
2026-07-31 23:52:43,372 http://localhost:8000 "GET /jobs/5071dc0f-8f3d-4a21-90ef-cac67268bb7e HTTP/1.1" 200 353
2026-07-31 23:52:46,375 Starting new HTTP connection (1): localhost:8000
2026-07-31 23:52:46,390 http://localhost:8000 "GET /jobs/5071dc0f-8f3d-4a21-90ef-cac67268bb7e HTTP/1.1" 200 353
2026-07-31 23:52:49,395 Starting new HTTP connection (1): localhost:8000
2026-07-31 23:52:49,408 http://localhost:8000 "GET /jobs/5071dc0f-8f3d-4a21-90ef-cac67268bb7e HTTP/1.1" 200 353
2026-07-31 23:52:52,412 Starting new HTTP connection (1): localhost:8000
2026-07-31 23:52:52,441 http://localhost:8000 "GET /jobs/5071dc0f-8f3d-4a21-90ef-cac67268bb7e HTTP/1.1" 200 353
2026-07-31 23:52:55,446 Starting new HTTP connection (1): localhost:8000
2026-07-31 23:52:55,454 http://localhost:8000 "GET /jobs/5071dc0f-8f3d-4a21-90ef-cac67268bb7e HTTP/1.1" 200 353
2026-07-31 23:52:58,459 Starting new HTTP connection (1): localhost:8000
2026-07-31 23:52:58,482 http://localhost:8000 "GET /jobs/5071dc0f-8f3d-4a21-90ef-cac67268bb7e HTTP/1.1" 200 353
2026-07-31 23:53:01,486 Starting new HTTP connection (1): localhost:8000
2026-07-31 23:53:01,497 http://localhost:8000 "GET /jobs/5071dc0f-8f3d-4a21-90ef-cac67268bb7e HTTP/1.1" 200 353
2026-07-31 23:53:04,501 Starting new HTTP connection (1): localhost:8000
2026-07-31 23:53:04,540 http://localhost:8000 "GET /jobs/5071dc0f-8f3d-4a21-90ef-cac67268bb7e HTTP/1.1" 200 353
2026-07-31 23:53:07,546 Starting new HTTP connection (1): localhost:8000
2026-07-31 23:53:07,556 http://localhost:8000 "GET /jobs/5071dc0f-8f3d-4a21-90ef-cac67268bb7e HTTP/1.1" 200 353
2026-07-31 23:53:10,561 Starting new HTTP connection (1): localhost:8000
2026-07-31 23:53:10,583 http://localhost:8000 "GET /jobs/5071dc0f-8f3d-4a21-90ef-cac67268bb7e HTTP/1.1" 200 353
2026-07-31 23:53:13,587 Starting new HTTP connection (1): localhost:8000
2026-07-31 23:53:13,588 http://localhost:8000 "GET /jobs/5071dc0f-8f3d-4a21-90ef-cac67268bb7e HTTP/1.1" 200 353
2026-07-31 23:53:16,600 Starting new HTTP connection (1): localhost:8000
2026-07-31 23:53:16,636 http://localhost:8000 "GET /jobs/5071dc0f-8f3d-4a21-90ef-cac67268bb7e HTTP/1.1" 200 353
2026-07-31 23:53:19,642 Starting new HTTP connection (1): localhost:8000
2026-07-31 23:53:19,651 http://localhost:8000 "GET /jobs/5071dc0f-8f3d-4a21-90ef-cac67268bb7e HTTP/1.1" 200 353
2026-07-31 23:53:22,656 Starting new HTTP connection (1): localhost:8000
2026-07-31 23:53:22,668 http://localhost:8000 "GET /jobs/5071dc0f-8f3d-4a21-90ef-cac67268bb7e HTTP/1.1" 200 353
2026-07-31 23:53:25,673 Starting new HTTP connection (1): localhost:8000
2026-07-31 23:53:25,682 http://localhost:8000 "GET /jobs/5071dc0f-8f3d-4a21-90ef-cac67268bb7e HTTP/1.1" 200 353
2026-07-31 23:53:28,687 Starting new HTTP connection (1): localhost:8000
2026-07-31 23:53:28,694 http://localhost:8000 "GET /jobs/5071dc0f-8f3d-4a21-90ef-cac67268bb7e HTTP/1.1" 200 353
2026-07-31 23:53:31,700 Starting new HTTP connection (1): localhost:8000
2026-07-31 23:53:31,710 http://localhost:8000 "GET /jobs/5071dc0f-8f3d-4a21-90ef-cac67268bb7e HTTP/1.1" 200 353
2026-07-31 23:53:34,716 Starting new HTTP connection (1): localhost:8000
2026-07-31 23:53:34,827 http://localhost:8000 "GET /jobs/5071dc0f-8f3d-4a21-90ef-cac67268bb7e HTTP/1.1" 200 353
2026-07-31 23:53:37,837 Starting new HTTP connection (1): localhost:8000
2026-07-31 23:53:37,861 http://localhost:8000 "GET /jobs/5071dc0f-8f3d-4a21-90ef-cac67268bb7e HTTP/1.1" 200 353
2026-07-31 23:53:40,867 Starting new HTTP connection (1): localhost:8000
2026-07-31 23:53:40,877 http://localhost:8000 "GET /jobs/5071dc0f-8f3d-4a21-90ef-cac67268bb7e HTTP/1.1" 200 353
2026-07-31 23:53:43,885 Starting new HTTP connection (1): localhost:8000
2026-07-31 23:53:43,899 http://localhost:8000 "GET /jobs/5071dc0f-8f3d-4a21-90ef-cac67268bb7e HTTP/1.1" 200 353
2026-07-31 23:53:46,907 Starting new HTTP connection (1): localhost:8000
2026-07-31 23:53:46,916 http://localhost:8000 "GET /jobs/5071dc0f-8f3d-4a21-90ef-cac67268bb7e HTTP/1.1" 200 353
2026-07-31 23:53:49,923 Starting new HTTP connection (1): localhost:8000
2026-07-31 23:53:49,950 http://localhost:8000 "GET /jobs/5071dc0f-8f3d-4a21-90ef-cac67268bb7e HTTP/1.1" 200 353
2026-07-31 23:53:52,953 Starting new HTTP connection (1): localhost:8000
2026-07-31 23:53:52,964 http://localhost:8000 "GET /jobs/5071dc0f-8f3d-4a21-90ef-cac67268bb7e HTTP/1.1" 200 353
2026-07-31 23:53:55,970 Starting new HTTP connection (1): localhost:8000
2026-07-31 23:53:55,988 http://localhost:8000 "GET /jobs/5071dc0f-8f3d-4a21-90ef-cac67268bb7e HTTP/1.1" 200 353
2026-07-31 23:53:58,992 Starting new HTTP connection (1): localhost:8000
2026-07-31 23:53:59,008 http://localhost:8000 "GET /jobs/5071dc0f-8f3d-4a21-90ef-cac67268bb7e HTTP/1.1" 200 353
2026-07-31 23:54:02,023 Starting new HTTP connection (1): localhost:8000
2026-07-31 23:54:16,309 watchdog started, watching PID 22308
2026-07-31 23:54:17,000 Starting new HTTP connection (1): localhost:8000
2026-07-31 23:54:17,058 http://localhost:8000 "GET /jobs/health-check-dummy HTTP/1.1" 404 26
2026-07-31 23:54:27,374 Starting new HTTP connection (1): localhost:8000
2026-07-31 23:54:27,494 http://localhost:8000 "POST /jobs HTTP/1.1" 201 304
2026-07-31 23:54:30,499 Starting new HTTP connection (1): localhost:8000
2026-07-31 23:54:30,509 http://localhost:8000 "GET /jobs/bcfe02f0-358f-4b9a-8ef6-bfd00ad554de HTTP/1.1" 200 304
2026-07-31 23:54:33,516 Starting new HTTP connection (1): localhost:8000
2026-07-31 23:54:33,525 http://localhost:8000 "GET /jobs/bcfe02f0-358f-4b9a-8ef6-bfd00ad554de HTTP/1.1" 200 304
2026-07-31 23:54:36,526 Starting new HTTP connection (1): localhost:8000
2026-07-31 23:54:36,538 http://localhost:8000 "GET /jobs/bcfe02f0-358f-4b9a-8ef6-bfd00ad554de HTTP/1.1" 200 304
2026-07-31 23:54:39,543 Starting new HTTP connection (1): localhost:8000
2026-07-31 23:54:39,565 http://localhost:8000 "GET /jobs/bcfe02f0-358f-4b9a-8ef6-bfd00ad554de HTTP/1.1" 200 304
2026-07-31 23:54:42,567 Starting new HTTP connection (1): localhost:8000
2026-07-31 23:54:42,584 http://localhost:8000 "GET /jobs/bcfe02f0-358f-4b9a-8ef6-bfd00ad554de HTTP/1.1" 200 304
2026-07-31 23:54:45,591 Starting new HTTP connection (1): localhost:8000
2026-07-31 23:54:45,622 http://localhost:8000 "GET /jobs/bcfe02f0-358f-4b9a-8ef6-bfd00ad554de HTTP/1.1" 200 304
2026-07-31 23:54:48,625 Starting new HTTP connection (1): localhost:8000
2026-07-31 23:54:48,659 http://localhost:8000 "GET /jobs/bcfe02f0-358f-4b9a-8ef6-bfd00ad554de HTTP/1.1" 200 304
2026-07-31 23:54:51,666 Starting new HTTP connection (1): localhost:8000
2026-07-31 23:54:51,690 http://localhost:8000 "GET /jobs/bcfe02f0-358f-4b9a-8ef6-bfd00ad554de HTTP/1.1" 200 304
2026-07-31 23:54:54,697 Starting new HTTP connection (1): localhost:8000
2026-07-31 23:54:54,704 http://localhost:8000 "GET /jobs/bcfe02f0-358f-4b9a-8ef6-bfd00ad554de HTTP/1.1" 200 304
2026-07-31 23:54:57,710 Starting new HTTP connection (1): localhost:8000
2026-07-31 23:54:57,725 http://localhost:8000 "GET /jobs/bcfe02f0-358f-4b9a-8ef6-bfd00ad554de HTTP/1.1" 200 304
2026-07-31 23:55:00,727 Starting new HTTP connection (1): localhost:8000
2026-07-31 23:55:00,737 http://localhost:8000 "GET /jobs/bcfe02f0-358f-4b9a-8ef6-bfd00ad554de HTTP/1.1" 200 304
2026-07-31 23:55:03,742 Starting new HTTP connection (1): localhost:8000
2026-07-31 23:55:03,753 http://localhost:8000 "GET /jobs/bcfe02f0-358f-4b9a-8ef6-bfd00ad554de HTTP/1.1" 200 304
2026-07-31 23:55:06,756 Starting new HTTP connection (1): localhost:8000
2026-07-31 23:55:06,766 http://localhost:8000 "GET /jobs/bcfe02f0-358f-4b9a-8ef6-bfd00ad554de HTTP/1.1" 200 304
2026-07-31 23:55:09,774 Starting new HTTP connection (1): localhost:8000
2026-07-31 23:55:09,787 http://localhost:8000 "GET /jobs/bcfe02f0-358f-4b9a-8ef6-bfd00ad554de HTTP/1.1" 200 304
2026-07-31 23:55:12,791 Starting new HTTP connection (1): localhost:8000
2026-07-31 23:55:12,800 http://localhost:8000 "GET /jobs/bcfe02f0-358f-4b9a-8ef6-bfd00ad554de HTTP/1.1" 200 304
2026-07-31 23:55:15,805 Starting new HTTP connection (1): localhost:8000
2026-07-31 23:55:15,817 http://localhost:8000 "GET /jobs/bcfe02f0-358f-4b9a-8ef6-bfd00ad554de HTTP/1.1" 200 304
2026-07-31 23:55:18,822 Starting new HTTP connection (1): localhost:8000
2026-07-31 23:55:18,833 http://localhost:8000 "GET /jobs/bcfe02f0-358f-4b9a-8ef6-bfd00ad554de HTTP/1.1" 200 304
2026-07-31 23:55:21,838 Starting new HTTP connection (1): localhost:8000
2026-07-31 23:55:21,850 http://localhost:8000 "GET /jobs/bcfe02f0-358f-4b9a-8ef6-bfd00ad554de HTTP/1.1" 200 304
2026-07-31 23:55:24,852 Starting new HTTP connection (1): localhost:8000
2026-07-31 23:55:24,865 http://localhost:8000 "GET /jobs/bcfe02f0-358f-4b9a-8ef6-bfd00ad554de HTTP/1.1" 200 304
2026-07-31 23:55:27,870 Starting new HTTP connection (1): localhost:8000
2026-07-31 23:55:27,884 http://localhost:8000 "GET /jobs/bcfe02f0-358f-4b9a-8ef6-bfd00ad554de HTTP/1.1" 200 304
2026-07-31 23:55:30,889 Starting new HTTP connection (1): localhost:8000
2026-07-31 23:55:30,898 http://localhost:8000 "GET /jobs/bcfe02f0-358f-4b9a-8ef6-bfd00ad554de HTTP/1.1" 200 304
2026-07-31 23:55:33,903 Starting new HTTP connection (1): localhost:8000
2026-07-31 23:55:33,916 http://localhost:8000 "GET /jobs/bcfe02f0-358f-4b9a-8ef6-bfd00ad554de HTTP/1.1" 200 304
2026-07-31 23:55:36,920 Starting new HTTP connection (1): localhost:8000
2026-07-31 23:55:36,936 http://localhost:8000 "GET /jobs/bcfe02f0-358f-4b9a-8ef6-bfd00ad554de HTTP/1.1" 200 304
2026-07-31 23:55:39,941 Starting new HTTP connection (1): localhost:8000
2026-07-31 23:55:39,952 http://localhost:8000 "GET /jobs/bcfe02f0-358f-4b9a-8ef6-bfd00ad554de HTTP/1.1" 200 304
2026-07-31 23:55:42,957 Starting new HTTP connection (1): localhost:8000
2026-07-31 23:55:42,970 http://localhost:8000 "GET /jobs/bcfe02f0-358f-4b9a-8ef6-bfd00ad554de HTTP/1.1" 200 304
2026-07-31 23:55:45,974 Starting new HTTP connection (1): localhost:8000
2026-07-31 23:55:45,995 http://localhost:8000 "GET /jobs/bcfe02f0-358f-4b9a-8ef6-bfd00ad554de HTTP/1.1" 200 304
2026-07-31 23:55:49,000 Starting new HTTP connection (1): localhost:8000
2026-07-31 23:55:49,009 http://localhost:8000 "GET /jobs/bcfe02f0-358f-4b9a-8ef6-bfd00ad554de HTTP/1.1" 200 304
2026-07-31 23:55:52,012 Starting new HTTP connection (1): localhost:8000
2026-07-31 23:55:52,024 http://localhost:8000 "GET /jobs/bcfe02f0-358f-4b9a-8ef6-bfd00ad554de HTTP/1.1" 200 304
2026-07-31 23:55:55,028 Starting new HTTP connection (1): localhost:8000
2026-07-31 23:55:55,040 http://localhost:8000 "GET /jobs/bcfe02f0-358f-4b9a-8ef6-bfd00ad554de HTTP/1.1" 200 304
2026-07-31 23:55:58,047 Starting new HTTP connection (1): localhost:8000
2026-07-31 23:55:58,061 http://localhost:8000 "GET /jobs/bcfe02f0-358f-4b9a-8ef6-bfd00ad554de HTTP/1.1" 200 304
2026-07-31 23:56:01,066 Starting new HTTP connection (1): localhost:8000
2026-07-31 23:56:01,083 http://localhost:8000 "GET /jobs/bcfe02f0-358f-4b9a-8ef6-bfd00ad554de HTTP/1.1" 200 304
2026-07-31 23:56:04,087 Starting new HTTP connection (1): localhost:8000
2026-07-31 23:56:04,100 http://localhost:8000 "GET /jobs/bcfe02f0-358f-4b9a-8ef6-bfd00ad554de HTTP/1.1" 200 304
2026-07-31 23:56:07,105 Starting new HTTP connection (1): localhost:8000
2026-07-31 23:56:07,116 http://localhost:8000 "GET /jobs/bcfe02f0-358f-4b9a-8ef6-bfd00ad554de HTTP/1.1" 200 304
2026-07-31 23:56:10,118 Starting new HTTP connection (1): localhost:8000
2026-07-31 23:56:10,139 http://localhost:8000 "GET /jobs/bcfe02f0-358f-4b9a-8ef6-bfd00ad554de HTTP/1.1" 200 304
2026-07-31 23:56:13,144 Starting new HTTP connection (1): localhost:8000
2026-07-31 23:56:13,157 http://localhost:8000 "GET /jobs/bcfe02f0-358f-4b9a-8ef6-bfd00ad554de HTTP/1.1" 200 304
2026-07-31 23:56:16,159 Starting new HTTP connection (1): localhost:8000
2026-07-31 23:56:16,171 http://localhost:8000 "GET /jobs/bcfe02f0-358f-4b9a-8ef6-bfd00ad554de HTTP/1.1" 200 304
2026-07-31 23:56:19,176 Starting new HTTP connection (1): localhost:8000
2026-07-31 23:56:19,187 http://localhost:8000 "GET /jobs/bcfe02f0-358f-4b9a-8ef6-bfd00ad554de HTTP/1.1" 200 304
2026-07-31 23:56:22,192 Starting new HTTP connection (1): localhost:8000
2026-07-31 23:56:22,217 http://localhost:8000 "GET /jobs/bcfe02f0-358f-4b9a-8ef6-bfd00ad554de HTTP/1.1" 200 304
2026-07-31 23:56:25,221 Starting new HTTP connection (1): localhost:8000
2026-07-31 23:56:25,230 http://localhost:8000 "GET /jobs/bcfe02f0-358f-4b9a-8ef6-bfd00ad554de HTTP/1.1" 200 304
2026-07-31 23:56:28,235 Starting new HTTP connection (1): localhost:8000
2026-07-31 23:56:28,256 http://localhost:8000 "GET /jobs/bcfe02f0-358f-4b9a-8ef6-bfd00ad554de HTTP/1.1" 200 304
2026-07-31 23:56:31,260 Starting new HTTP connection (1): localhost:8000
2026-07-31 23:56:31,269 http://localhost:8000 "GET /jobs/bcfe02f0-358f-4b9a-8ef6-bfd00ad554de HTTP/1.1" 200 304
2026-07-31 23:56:34,273 Starting new HTTP connection (1): localhost:8000
2026-07-31 23:56:34,281 http://localhost:8000 "GET /jobs/bcfe02f0-358f-4b9a-8ef6-bfd00ad554de HTTP/1.1" 200 304
2026-07-31 23:57:23,802 watchdog started, watching PID 12484
2026-07-31 23:57:24,419 Starting new HTTP connection (1): localhost:8000
2026-07-31 23:57:48,278 Starting new HTTP connection (1): localhost:8000
2026-07-31 23:57:48,325 http://localhost:8000 "GET /jobs/health-check-dummy HTTP/1.1" 404 26
2026-07-31 23:57:59,850 Starting new HTTP connection (1): localhost:8000
2026-07-31 23:57:59,905 http://localhost:8000 "POST /jobs HTTP/1.1" 201 304
2026-07-31 23:58:02,912 Starting new HTTP connection (1): localhost:8000
2026-07-31 23:58:02,922 http://localhost:8000 "GET /jobs/6dbdda06-cef1-4029-a07c-117d2c7c28bb HTTP/1.1" 200 359
2026-07-31 23:58:05,929 Starting new HTTP connection (1): localhost:8000
2026-07-31 23:58:05,939 http://localhost:8000 "GET /jobs/6dbdda06-cef1-4029-a07c-117d2c7c28bb HTTP/1.1" 200 359
2026-07-31 23:58:08,944 Starting new HTTP connection (1): localhost:8000
2026-07-31 23:58:08,959 http://localhost:8000 "GET /jobs/6dbdda06-cef1-4029-a07c-117d2c7c28bb HTTP/1.1" 200 359
2026-07-31 23:58:11,966 Starting new HTTP connection (1): localhost:8000
2026-07-31 23:58:11,980 http://localhost:8000 "GET /jobs/6dbdda06-cef1-4029-a07c-117d2c7c28bb HTTP/1.1" 200 359
2026-07-31 23:58:14,987 Starting new HTTP connection (1): localhost:8000
2026-07-31 23:58:14,997 http://localhost:8000 "GET /jobs/6dbdda06-cef1-4029-a07c-117d2c7c28bb HTTP/1.1" 200 359
2026-07-31 23:58:18,003 Starting new HTTP connection (1): localhost:8000
2026-07-31 23:58:18,059 http://localhost:8000 "GET /jobs/6dbdda06-cef1-4029-a07c-117d2c7c28bb HTTP/1.1" 200 359
2026-07-31 23:58:21,065 Starting new HTTP connection (1): localhost:8000
2026-07-31 23:58:21,077 http://localhost:8000 "GET /jobs/6dbdda06-cef1-4029-a07c-117d2c7c28bb HTTP/1.1" 200 359
2026-07-31 23:58:24,084 Starting new HTTP connection (1): localhost:8000
2026-07-31 23:58:24,094 http://localhost:8000 "GET /jobs/6dbdda06-cef1-4029-a07c-117d2c7c28bb HTTP/1.1" 200 359
2026-07-31 23:58:27,101 Starting new HTTP connection (1): localhost:8000
2026-07-31 23:58:27,113 http://localhost:8000 "GET /jobs/6dbdda06-cef1-4029-a07c-117d2c7c28bb HTTP/1.1" 200 359
2026-07-31 23:58:30,119 Starting new HTTP connection (1): localhost:8000
2026-07-31 23:58:30,133 http://localhost:8000 "GET /jobs/6dbdda06-cef1-4029-a07c-117d2c7c28bb HTTP/1.1" 200 359
2026-07-31 23:58:33,138 Starting new HTTP connection (1): localhost:8000
2026-07-31 23:58:33,149 http://localhost:8000 "GET /jobs/6dbdda06-cef1-4029-a07c-117d2c7c28bb HTTP/1.1" 200 359
2026-07-31 23:58:36,155 Starting new HTTP connection (1): localhost:8000
2026-07-31 23:58:36,166 http://localhost:8000 "GET /jobs/6dbdda06-cef1-4029-a07c-117d2c7c28bb HTTP/1.1" 200 359
2026-07-31 23:58:39,170 Starting new HTTP connection (1): localhost:8000
2026-07-31 23:58:39,180 http://localhost:8000 "GET /jobs/6dbdda06-cef1-4029-a07c-117d2c7c28bb HTTP/1.1" 200 359
2026-07-31 23:58:42,186 Starting new HTTP connection (1): localhost:8000
2026-07-31 23:58:42,197 http://localhost:8000 "GET /jobs/6dbdda06-cef1-4029-a07c-117d2c7c28bb HTTP/1.1" 200 359
2026-07-31 23:58:45,201 Starting new HTTP connection (1): localhost:8000
2026-07-31 23:58:45,211 http://localhost:8000 "GET /jobs/6dbdda06-cef1-4029-a07c-117d2c7c28bb HTTP/1.1" 200 359
2026-07-31 23:58:48,216 Starting new HTTP connection (1): localhost:8000
2026-07-31 23:58:48,225 http://localhost:8000 "GET /jobs/6dbdda06-cef1-4029-a07c-117d2c7c28bb HTTP/1.1" 200 359
2026-07-31 23:58:51,230 Starting new HTTP connection (1): localhost:8000
2026-07-31 23:58:51,245 http://localhost:8000 "GET /jobs/6dbdda06-cef1-4029-a07c-117d2c7c28bb HTTP/1.1" 200 354
2026-07-31 23:58:54,250 Starting new HTTP connection (1): localhost:8000
2026-07-31 23:58:54,258 http://localhost:8000 "GET /jobs/6dbdda06-cef1-4029-a07c-117d2c7c28bb HTTP/1.1" 200 354
2026-07-31 23:58:57,265 Starting new HTTP connection (1): localhost:8000
2026-07-31 23:58:57,278 http://localhost:8000 "GET /jobs/6dbdda06-cef1-4029-a07c-117d2c7c28bb HTTP/1.1" 200 354
2026-07-31 23:59:00,284 Starting new HTTP connection (1): localhost:8000
2026-07-31 23:59:00,297 http://localhost:8000 "GET /jobs/6dbdda06-cef1-4029-a07c-117d2c7c28bb HTTP/1.1" 200 354
2026-07-31 23:59:03,301 Starting new HTTP connection (1): localhost:8000
2026-07-31 23:59:03,310 http://localhost:8000 "GET /jobs/6dbdda06-cef1-4029-a07c-117d2c7c28bb HTTP/1.1" 200 354
2026-07-31 23:59:06,315 Starting new HTTP connection (1): localhost:8000
2026-07-31 23:59:06,328 http://localhost:8000 "GET /jobs/6dbdda06-cef1-4029-a07c-117d2c7c28bb HTTP/1.1" 200 354
2026-07-31 23:59:09,334 Starting new HTTP connection (1): localhost:8000
2026-07-31 23:59:09,353 http://localhost:8000 "GET /jobs/6dbdda06-cef1-4029-a07c-117d2c7c28bb HTTP/1.1" 200 354
2026-07-31 23:59:12,358 Starting new HTTP connection (1): localhost:8000
2026-07-31 23:59:12,499 http://localhost:8000 "GET /jobs/6dbdda06-cef1-4029-a07c-117d2c7c28bb HTTP/1.1" 200 354
2026-07-31 23:59:15,505 Starting new HTTP connection (1): localhost:8000
2026-07-31 23:59:15,549 http://localhost:8000 "GET /jobs/6dbdda06-cef1-4029-a07c-117d2c7c28bb HTTP/1.1" 200 354
2026-07-31 23:59:18,556 Starting new HTTP connection (1): localhost:8000
2026-07-31 23:59:18,572 http://localhost:8000 "GET /jobs/6dbdda06-cef1-4029-a07c-117d2c7c28bb HTTP/1.1" 200 354
2026-07-31 23:59:21,577 Starting new HTTP connection (1): localhost:8000
2026-07-31 23:59:21,585 http://localhost:8000 "GET /jobs/6dbdda06-cef1-4029-a07c-117d2c7c28bb HTTP/1.1" 200 354
2026-07-31 23:59:24,591 Starting new HTTP connection (1): localhost:8000
2026-07-31 23:59:24,611 http://localhost:8000 "GET /jobs/6dbdda06-cef1-4029-a07c-117d2c7c28bb HTTP/1.1" 200 354
2026-07-31 23:59:27,617 Starting new HTTP connection (1): localhost:8000
2026-07-31 23:59:27,628 http://localhost:8000 "GET /jobs/6dbdda06-cef1-4029-a07c-117d2c7c28bb HTTP/1.1" 200 354
2026-07-31 23:59:30,633 Starting new HTTP connection (1): localhost:8000
2026-07-31 23:59:30,641 http://localhost:8000 "GET /jobs/6dbdda06-cef1-4029-a07c-117d2c7c28bb HTTP/1.1" 200 354
2026-07-31 23:59:33,661 Starting new HTTP connection (1): localhost:8000
2026-07-31 23:59:33,683 http://localhost:8000 "GET /jobs/6dbdda06-cef1-4029-a07c-117d2c7c28bb HTTP/1.1" 200 354
2026-07-31 23:59:36,694 Starting new HTTP connection (1): localhost:8000
2026-07-31 23:59:36,711 http://localhost:8000 "GET /jobs/6dbdda06-cef1-4029-a07c-117d2c7c28bb HTTP/1.1" 200 354
2026-07-31 23:59:39,716 Starting new HTTP connection (1): localhost:8000
2026-07-31 23:59:39,729 http://localhost:8000 "GET /jobs/6dbdda06-cef1-4029-a07c-117d2c7c28bb HTTP/1.1" 200 354
2026-07-31 23:59:42,737 Starting new HTTP connection (1): localhost:8000
2026-07-31 23:59:42,758 http://localhost:8000 "GET /jobs/6dbdda06-cef1-4029-a07c-117d2c7c28bb HTTP/1.1" 200 354
2026-07-31 23:59:45,763 Starting new HTTP connection (1): localhost:8000
2026-07-31 23:59:45,776 http://localhost:8000 "GET /jobs/6dbdda06-cef1-4029-a07c-117d2c7c28bb HTTP/1.1" 200 354
2026-07-31 23:59:48,781 Starting new HTTP connection (1): localhost:8000
2026-07-31 23:59:48,792 http://localhost:8000 "GET /jobs/6dbdda06-cef1-4029-a07c-117d2c7c28bb HTTP/1.1" 200 354
2026-07-31 23:59:51,812 Starting new HTTP connection (1): localhost:8000
2026-07-31 23:59:51,825 http://localhost:8000 "GET /jobs/6dbdda06-cef1-4029-a07c-117d2c7c28bb HTTP/1.1" 200 354
2026-07-31 23:59:54,830 Starting new HTTP connection (1): localhost:8000
2026-07-31 23:59:54,842 http://localhost:8000 "GET /jobs/6dbdda06-cef1-4029-a07c-117d2c7c28bb HTTP/1.1" 200 354
2026-07-31 23:59:57,847 Starting new HTTP connection (1): localhost:8000
2026-07-31 23:59:57,867 http://localhost:8000 "GET /jobs/6dbdda06-cef1-4029-a07c-117d2c7c28bb HTTP/1.1" 200 354
2026-08-01 00:00:00,871 Starting new HTTP connection (1): localhost:8000
2026-08-01 00:00:00,883 http://localhost:8000 "GET /jobs/6dbdda06-cef1-4029-a07c-117d2c7c28bb HTTP/1.1" 200 354
2026-08-01 00:00:03,887 Starting new HTTP connection (1): localhost:8000
2026-08-01 00:00:03,906 http://localhost:8000 "GET /jobs/6dbdda06-cef1-4029-a07c-117d2c7c28bb HTTP/1.1" 200 354
2026-08-01 00:00:06,911 Starting new HTTP connection (1): localhost:8000
2026-08-01 00:00:06,920 http://localhost:8000 "GET /jobs/6dbdda06-cef1-4029-a07c-117d2c7c28bb HTTP/1.1" 200 354
2026-08-01 00:00:09,924 Starting new HTTP connection (1): localhost:8000
2026-08-01 00:00:09,933 http://localhost:8000 "GET /jobs/6dbdda06-cef1-4029-a07c-117d2c7c28bb HTTP/1.1" 200 354
2026-08-01 00:00:12,939 Starting new HTTP connection (1): localhost:8000
2026-08-01 00:00:12,963 http://localhost:8000 "GET /jobs/6dbdda06-cef1-4029-a07c-117d2c7c28bb HTTP/1.1" 200 354
2026-08-01 00:00:15,985 Starting new HTTP connection (1): localhost:8000
2026-08-01 00:00:16,013 http://localhost:8000 "GET /jobs/6dbdda06-cef1-4029-a07c-117d2c7c28bb HTTP/1.1" 200 354
2026-08-01 00:00:19,017 Starting new HTTP connection (1): localhost:8000
2026-08-01 00:00:19,032 http://localhost:8000 "GET /jobs/6dbdda06-cef1-4029-a07c-117d2c7c28bb HTTP/1.1" 200 354
2026-08-01 00:00:22,037 Starting new HTTP connection (1): localhost:8000
2026-08-01 00:00:22,047 http://localhost:8000 "GET /jobs/6dbdda06-cef1-4029-a07c-117d2c7c28bb HTTP/1.1" 200 354
2026-08-01 00:00:25,049 Starting new HTTP connection (1): localhost:8000
2026-08-01 00:00:25,064 http://localhost:8000 "GET /jobs/6dbdda06-cef1-4029-a07c-117d2c7c28bb HTTP/1.1" 200 354
2026-08-01 00:00:28,069 Starting new HTTP connection (1): localhost:8000
2026-08-01 00:00:28,077 http://localhost:8000 "GET /jobs/6dbdda06-cef1-4029-a07c-117d2c7c28bb HTTP/1.1" 200 354
2026-08-01 00:00:31,081 Starting new HTTP connection (1): localhost:8000
2026-08-01 00:00:31,105 http://localhost:8000 "GET /jobs/6dbdda06-cef1-4029-a07c-117d2c7c28bb HTTP/1.1" 200 354
2026-08-01 00:00:34,109 Starting new HTTP connection (1): localhost:8000
2026-08-01 00:00:34,120 http://localhost:8000 "GET /jobs/6dbdda06-cef1-4029-a07c-117d2c7c28bb HTTP/1.1" 200 354
2026-08-01 00:00:37,125 Starting new HTTP connection (1): localhost:8000
2026-08-01 00:00:37,132 http://localhost:8000 "GET /jobs/6dbdda06-cef1-4029-a07c-117d2c7c28bb HTTP/1.1" 200 354
2026-08-01 00:00:40,140 Starting new HTTP connection (1): localhost:8000
2026-08-01 00:00:40,158 http://localhost:8000 "GET /jobs/6dbdda06-cef1-4029-a07c-117d2c7c28bb HTTP/1.1" 200 354
2026-08-01 00:00:43,164 Starting new HTTP connection (1): localhost:8000
2026-08-01 00:00:43,171 http://localhost:8000 "GET /jobs/6dbdda06-cef1-4029-a07c-117d2c7c28bb HTTP/1.1" 200 354
2026-08-01 00:00:46,187 Starting new HTTP connection (1): localhost:8000
2026-08-01 00:00:46,216 http://localhost:8000 "GET /jobs/6dbdda06-cef1-4029-a07c-117d2c7c28bb HTTP/1.1" 200 354
2026-08-01 00:00:49,238 Starting new HTTP connection (1): localhost:8000
2026-08-01 00:00:49,261 http://localhost:8000 "GET /jobs/6dbdda06-cef1-4029-a07c-117d2c7c28bb HTTP/1.1" 200 354
2026-08-01 00:00:52,269 Starting new HTTP connection (1): localhost:8000
2026-08-01 00:00:52,308 http://localhost:8000 "GET /jobs/6dbdda06-cef1-4029-a07c-117d2c7c28bb HTTP/1.1" 200 354
2026-08-01 00:00:55,316 Starting new HTTP connection (1): localhost:8000
2026-08-01 00:00:55,324 http://localhost:8000 "GET /jobs/6dbdda06-cef1-4029-a07c-117d2c7c28bb HTTP/1.1" 200 354
2026-08-01 00:00:58,329 Starting new HTTP connection (1): localhost:8000
2026-08-01 00:00:58,346 http://localhost:8000 "GET /jobs/6dbdda06-cef1-4029-a07c-117d2c7c28bb HTTP/1.1" 200 354
2026-08-01 00:01:01,352 Starting new HTTP connection (1): localhost:8000
2026-08-01 00:01:01,371 http://localhost:8000 "GET /jobs/6dbdda06-cef1-4029-a07c-117d2c7c28bb HTTP/1.1" 200 354
2026-08-01 00:01:04,380 Starting new HTTP connection (1): localhost:8000
2026-08-01 00:01:04,392 http://localhost:8000 "GET /jobs/6dbdda06-cef1-4029-a07c-117d2c7c28bb HTTP/1.1" 200 354
2026-08-01 00:01:07,399 Starting new HTTP connection (1): localhost:8000
2026-08-01 00:01:07,423 http://localhost:8000 "GET /jobs/6dbdda06-cef1-4029-a07c-117d2c7c28bb HTTP/1.1" 200 354
2026-08-01 00:01:10,429 Starting new HTTP connection (1): localhost:8000
2026-08-01 00:01:10,484 http://localhost:8000 "GET /jobs/6dbdda06-cef1-4029-a07c-117d2c7c28bb HTTP/1.1" 200 354
2026-08-01 00:01:13,491 Starting new HTTP connection (1): localhost:8000
2026-08-01 00:01:13,500 http://localhost:8000 "GET /jobs/6dbdda06-cef1-4029-a07c-117d2c7c28bb HTTP/1.1" 200 354
2026-08-01 00:01:16,506 Starting new HTTP connection (1): localhost:8000
2026-08-01 00:01:16,515 http://localhost:8000 "GET /jobs/6dbdda06-cef1-4029-a07c-117d2c7c28bb HTTP/1.1" 200 354
2026-08-01 00:01:19,520 Starting new HTTP connection (1): localhost:8000
2026-08-01 00:01:19,534 http://localhost:8000 "GET /jobs/6dbdda06-cef1-4029-a07c-117d2c7c28bb HTTP/1.1" 200 354
2026-08-01 00:01:22,540 Starting new HTTP connection (1): localhost:8000
2026-08-01 00:01:22,560 http://localhost:8000 "GET /jobs/6dbdda06-cef1-4029-a07c-117d2c7c28bb HTTP/1.1" 200 354
2026-08-01 00:01:25,565 Starting new HTTP connection (1): localhost:8000
2026-08-01 00:01:25,595 http://localhost:8000 "GET /jobs/6dbdda06-cef1-4029-a07c-117d2c7c28bb HTTP/1.1" 200 354
2026-08-01 00:01:28,600 Starting new HTTP connection (1): localhost:8000
2026-08-01 00:01:28,618 http://localhost:8000 "GET /jobs/6dbdda06-cef1-4029-a07c-117d2c7c28bb HTTP/1.1" 200 354
2026-08-01 00:01:31,623 Starting new HTTP connection (1): localhost:8000
2026-08-01 00:01:31,673 http://localhost:8000 "GET /jobs/6dbdda06-cef1-4029-a07c-117d2c7c28bb HTTP/1.1" 200 354
2026-08-01 00:01:34,678 Starting new HTTP connection (1): localhost:8000
2026-08-01 00:01:34,688 http://localhost:8000 "GET /jobs/6dbdda06-cef1-4029-a07c-117d2c7c28bb HTTP/1.1" 200 354
2026-08-01 00:01:37,693 Starting new HTTP connection (1): localhost:8000
2026-08-01 00:01:37,711 http://localhost:8000 "GET /jobs/6dbdda06-cef1-4029-a07c-117d2c7c28bb HTTP/1.1" 200 354
2026-08-01 00:01:40,716 Starting new HTTP connection (1): localhost:8000
2026-08-01 00:01:40,728 http://localhost:8000 "GET /jobs/6dbdda06-cef1-4029-a07c-117d2c7c28bb HTTP/1.1" 200 354
2026-08-01 00:01:43,732 Starting new HTTP connection (1): localhost:8000
2026-08-01 00:01:43,758 http://localhost:8000 "GET /jobs/6dbdda06-cef1-4029-a07c-117d2c7c28bb HTTP/1.1" 200 354
2026-08-01 00:01:46,763 Starting new HTTP connection (1): localhost:8000
2026-08-01 00:01:46,781 http://localhost:8000 "GET /jobs/6dbdda06-cef1-4029-a07c-117d2c7c28bb HTTP/1.1" 200 354
2026-08-01 00:01:49,785 Starting new HTTP connection (1): localhost:8000
2026-08-01 00:01:49,793 http://localhost:8000 "GET /jobs/6dbdda06-cef1-4029-a07c-117d2c7c28bb HTTP/1.1" 200 354
2026-08-01 00:01:52,798 Starting new HTTP connection (1): localhost:8000
2026-08-01 00:01:52,817 http://localhost:8000 "GET /jobs/6dbdda06-cef1-4029-a07c-117d2c7c28bb HTTP/1.1" 200 354
2026-08-01 00:01:55,821 Starting new HTTP connection (1): localhost:8000
2026-08-01 00:01:55,834 http://localhost:8000 "GET /jobs/6dbdda06-cef1-4029-a07c-117d2c7c28bb HTTP/1.1" 200 354
2026-08-01 00:01:58,838 Starting new HTTP connection (1): localhost:8000
2026-08-01 00:01:58,849 http://localhost:8000 "GET /jobs/6dbdda06-cef1-4029-a07c-117d2c7c28bb HTTP/1.1" 200 354
2026-08-01 00:02:01,852 Starting new HTTP connection (1): localhost:8000
2026-08-01 00:02:01,868 http://localhost:8000 "GET /jobs/6dbdda06-cef1-4029-a07c-117d2c7c28bb HTTP/1.1" 200 354
2026-08-01 00:02:04,873 Starting new HTTP connection (1): localhost:8000
2026-08-01 00:02:04,882 http://localhost:8000 "GET /jobs/6dbdda06-cef1-4029-a07c-117d2c7c28bb HTTP/1.1" 200 354
2026-08-01 00:02:07,885 Starting new HTTP connection (1): localhost:8000
2026-08-01 00:02:07,922 http://localhost:8000 "GET /jobs/6dbdda06-cef1-4029-a07c-117d2c7c28bb HTTP/1.1" 200 354
2026-08-01 00:02:10,927 Starting new HTTP connection (1): localhost:8000
2026-08-01 00:02:10,934 http://localhost:8000 "GET /jobs/6dbdda06-cef1-4029-a07c-117d2c7c28bb HTTP/1.1" 200 354
2026-08-01 00:02:13,938 Starting new HTTP connection (1): localhost:8000
2026-08-01 00:02:13,946 http://localhost:8000 "GET /jobs/6dbdda06-cef1-4029-a07c-117d2c7c28bb HTTP/1.1" 200 354
2026-08-01 00:02:16,950 Starting new HTTP connection (1): localhost:8000
2026-08-01 00:02:16,964 http://localhost:8000 "GET /jobs/6dbdda06-cef1-4029-a07c-117d2c7c28bb HTTP/1.1" 200 354
2026-08-01 00:02:19,967 Starting new HTTP connection (1): localhost:8000
2026-08-01 00:02:19,982 http://localhost:8000 "GET /jobs/6dbdda06-cef1-4029-a07c-117d2c7c28bb HTTP/1.1" 200 354
2026-08-01 00:02:22,986 Starting new HTTP connection (1): localhost:8000
2026-08-01 00:02:23,002 http://localhost:8000 "GET /jobs/6dbdda06-cef1-4029-a07c-117d2c7c28bb HTTP/1.1" 200 354
2026-08-01 00:02:26,007 Starting new HTTP connection (1): localhost:8000
2026-08-01 00:02:26,014 http://localhost:8000 "GET /jobs/6dbdda06-cef1-4029-a07c-117d2c7c28bb HTTP/1.1" 200 354
2026-08-01 00:02:29,018 Starting new HTTP connection (1): localhost:8000
2026-08-01 00:02:29,029 http://localhost:8000 "GET /jobs/6dbdda06-cef1-4029-a07c-117d2c7c28bb HTTP/1.1" 200 354
2026-08-01 00:02:32,035 Starting new HTTP connection (1): localhost:8000
2026-08-01 00:02:32,050 http://localhost:8000 "GET /jobs/6dbdda06-cef1-4029-a07c-117d2c7c28bb HTTP/1.1" 200 354
2026-08-01 00:02:35,054 Starting new HTTP connection (1): localhost:8000
2026-08-01 00:02:35,062 http://localhost:8000 "GET /jobs/6dbdda06-cef1-4029-a07c-117d2c7c28bb HTTP/1.1" 200 354
2026-08-01 00:02:38,066 Starting new HTTP connection (1): localhost:8000
2026-08-01 00:02:38,074 http://localhost:8000 "GET /jobs/6dbdda06-cef1-4029-a07c-117d2c7c28bb HTTP/1.1" 200 354
2026-08-01 00:02:41,080 Starting new HTTP connection (1): localhost:8000
2026-08-01 00:02:41,089 http://localhost:8000 "GET /jobs/6dbdda06-cef1-4029-a07c-117d2c7c28bb HTTP/1.1" 200 354
2026-08-01 00:02:44,094 Starting new HTTP connection (1): localhost:8000
2026-08-01 00:02:44,101 http://localhost:8000 "GET /jobs/6dbdda06-cef1-4029-a07c-117d2c7c28bb HTTP/1.1" 200 354
2026-08-01 00:02:47,107 Starting new HTTP connection (1): localhost:8000
2026-08-01 00:02:47,118 http://localhost:8000 "GET /jobs/6dbdda06-cef1-4029-a07c-117d2c7c28bb HTTP/1.1" 200 354
2026-08-01 00:02:50,122 Starting new HTTP connection (1): localhost:8000
2026-08-01 00:02:50,131 http://localhost:8000 "GET /jobs/6dbdda06-cef1-4029-a07c-117d2c7c28bb HTTP/1.1" 200 354
2026-08-01 00:02:53,136 Starting new HTTP connection (1): localhost:8000
2026-08-01 00:02:53,146 http://localhost:8000 "GET /jobs/6dbdda06-cef1-4029-a07c-117d2c7c28bb HTTP/1.1" 200 354
2026-08-01 00:02:56,151 Starting new HTTP connection (1): localhost:8000
2026-08-01 00:02:56,159 http://localhost:8000 "GET /jobs/6dbdda06-cef1-4029-a07c-117d2c7c28bb HTTP/1.1" 200 354
2026-08-01 00:02:59,165 Starting new HTTP connection (1): localhost:8000
2026-08-01 00:02:59,173 http://localhost:8000 "GET /jobs/6dbdda06-cef1-4029-a07c-117d2c7c28bb HTTP/1.1" 200 354
2026-08-01 00:03:02,176 Starting new HTTP connection (1): localhost:8000
2026-08-01 00:03:02,185 http://localhost:8000 "GET /jobs/6dbdda06-cef1-4029-a07c-117d2c7c28bb HTTP/1.1" 200 354
2026-08-01 00:03:05,191 Starting new HTTP connection (1): localhost:8000
2026-08-01 00:03:05,200 http://localhost:8000 "GET /jobs/6dbdda06-cef1-4029-a07c-117d2c7c28bb HTTP/1.1" 200 354
2026-08-01 00:03:08,206 Starting new HTTP connection (1): localhost:8000
2026-08-01 00:03:08,214 http://localhost:8000 "GET /jobs/6dbdda06-cef1-4029-a07c-117d2c7c28bb HTTP/1.1" 200 354
2026-08-01 00:03:11,219 Starting new HTTP connection (1): localhost:8000
2026-08-01 00:03:11,227 http://localhost:8000 "GET /jobs/6dbdda06-cef1-4029-a07c-117d2c7c28bb HTTP/1.1" 200 354
2026-08-01 00:03:14,233 Starting new HTTP connection (1): localhost:8000
2026-08-01 00:03:14,240 http://localhost:8000 "GET /jobs/6dbdda06-cef1-4029-a07c-117d2c7c28bb HTTP/1.1" 200 354
2026-08-01 00:03:17,246 Starting new HTTP connection (1): localhost:8000
2026-08-01 00:03:17,253 http://localhost:8000 "GET /jobs/6dbdda06-cef1-4029-a07c-117d2c7c28bb HTTP/1.1" 200 354
2026-08-01 00:03:20,256 Starting new HTTP connection (1): localhost:8000
2026-08-01 00:03:20,266 http://localhost:8000 "GET /jobs/6dbdda06-cef1-4029-a07c-117d2c7c28bb HTTP/1.1" 200 354
2026-08-01 00:03:23,272 Starting new HTTP connection (1): localhost:8000
2026-08-01 00:03:23,280 http://localhost:8000 "GET /jobs/6dbdda06-cef1-4029-a07c-117d2c7c28bb HTTP/1.1" 200 354
2026-08-01 00:03:26,284 Starting new HTTP connection (1): localhost:8000
2026-08-01 00:03:26,291 http://localhost:8000 "GET /jobs/6dbdda06-cef1-4029-a07c-117d2c7c28bb HTTP/1.1" 200 354
2026-08-01 00:03:29,296 Starting new HTTP connection (1): localhost:8000
2026-08-01 00:03:29,305 http://localhost:8000 "GET /jobs/6dbdda06-cef1-4029-a07c-117d2c7c28bb HTTP/1.1" 200 354
2026-08-01 00:03:32,309 Starting new HTTP connection (1): localhost:8000
2026-08-01 00:03:32,318 http://localhost:8000 "GET /jobs/6dbdda06-cef1-4029-a07c-117d2c7c28bb HTTP/1.1" 200 354
2026-08-01 00:03:35,321 Starting new HTTP connection (1): localhost:8000
2026-08-01 00:03:35,330 http://localhost:8000 "GET /jobs/6dbdda06-cef1-4029-a07c-117d2c7c28bb HTTP/1.1" 200 354
2026-08-01 00:03:38,335 Starting new HTTP connection (1): localhost:8000
2026-08-01 00:03:38,343 http://localhost:8000 "GET /jobs/6dbdda06-cef1-4029-a07c-117d2c7c28bb HTTP/1.1" 200 354
2026-08-01 00:03:41,348 Starting new HTTP connection (1): localhost:8000
2026-08-01 00:03:41,356 http://localhost:8000 "GET /jobs/6dbdda06-cef1-4029-a07c-117d2c7c28bb HTTP/1.1" 200 354
2026-08-01 00:03:44,360 Starting new HTTP connection (1): localhost:8000
2026-08-01 00:03:44,373 http://localhost:8000 "GET /jobs/6dbdda06-cef1-4029-a07c-117d2c7c28bb HTTP/1.1" 200 39178
2026-08-01 00:07:05,968 Starting new HTTP connection (1): localhost:8000
2026-08-01 00:07:06,047 http://localhost:8000 "POST /jobs HTTP/1.1" 201 271
2026-08-01 00:07:09,055 Starting new HTTP connection (1): localhost:8000
2026-08-01 00:07:09,066 http://localhost:8000 "GET /jobs/1d978512-8a8b-4a49-90ef-433ecbcdec10 HTTP/1.1" 200 326
2026-08-01 00:07:12,070 Starting new HTTP connection (1): localhost:8000
2026-08-01 00:07:12,079 http://localhost:8000 "GET /jobs/1d978512-8a8b-4a49-90ef-433ecbcdec10 HTTP/1.1" 200 326
2026-08-01 00:07:15,086 Starting new HTTP connection (1): localhost:8000
2026-08-01 00:07:15,095 http://localhost:8000 "GET /jobs/1d978512-8a8b-4a49-90ef-433ecbcdec10 HTTP/1.1" 200 326
2026-08-01 00:07:18,100 Starting new HTTP connection (1): localhost:8000
2026-08-01 00:07:18,109 http://localhost:8000 "GET /jobs/1d978512-8a8b-4a49-90ef-433ecbcdec10 HTTP/1.1" 200 326
2026-08-01 00:07:21,114 Starting new HTTP connection (1): localhost:8000
2026-08-01 00:07:21,123 http://localhost:8000 "GET /jobs/1d978512-8a8b-4a49-90ef-433ecbcdec10 HTTP/1.1" 200 326
2026-08-01 00:07:24,129 Starting new HTTP connection (1): localhost:8000
2026-08-01 00:07:24,139 http://localhost:8000 "GET /jobs/1d978512-8a8b-4a49-90ef-433ecbcdec10 HTTP/1.1" 200 326
2026-08-01 00:07:27,143 Starting new HTTP connection (1): localhost:8000
2026-08-01 00:07:27,154 http://localhost:8000 "GET /jobs/1d978512-8a8b-4a49-90ef-433ecbcdec10 HTTP/1.1" 200 321
2026-08-01 00:07:30,159 Starting new HTTP connection (1): localhost:8000
2026-08-01 00:07:30,168 http://localhost:8000 "GET /jobs/1d978512-8a8b-4a49-90ef-433ecbcdec10 HTTP/1.1" 200 321
2026-08-01 00:07:33,172 Starting new HTTP connection (1): localhost:8000
2026-08-01 00:07:33,216 http://localhost:8000 "GET /jobs/1d978512-8a8b-4a49-90ef-433ecbcdec10 HTTP/1.1" 200 321
2026-08-01 00:07:36,220 Starting new HTTP connection (1): localhost:8000
2026-08-01 00:07:36,236 http://localhost:8000 "GET /jobs/1d978512-8a8b-4a49-90ef-433ecbcdec10 HTTP/1.1" 200 321
2026-08-01 00:07:39,241 Starting new HTTP connection (1): localhost:8000
2026-08-01 00:07:39,250 http://localhost:8000 "GET /jobs/1d978512-8a8b-4a49-90ef-433ecbcdec10 HTTP/1.1" 200 321
2026-08-01 00:07:42,255 Starting new HTTP connection (1): localhost:8000
2026-08-01 00:07:42,264 http://localhost:8000 "GET /jobs/1d978512-8a8b-4a49-90ef-433ecbcdec10 HTTP/1.1" 200 321
2026-08-01 00:07:45,269 Starting new HTTP connection (1): localhost:8000
2026-08-01 00:07:45,290 http://localhost:8000 "GET /jobs/1d978512-8a8b-4a49-90ef-433ecbcdec10 HTTP/1.1" 200 321
2026-08-01 00:07:48,294 Starting new HTTP connection (1): localhost:8000
2026-08-01 00:07:48,306 http://localhost:8000 "GET /jobs/1d978512-8a8b-4a49-90ef-433ecbcdec10 HTTP/1.1" 200 321
2026-08-01 00:07:51,313 Starting new HTTP connection (1): localhost:8000
2026-08-01 00:07:51,326 http://localhost:8000 "GET /jobs/1d978512-8a8b-4a49-90ef-433ecbcdec10 HTTP/1.1" 200 321
2026-08-01 00:07:54,331 Starting new HTTP connection (1): localhost:8000
2026-08-01 00:07:54,354 http://localhost:8000 "GET /jobs/1d978512-8a8b-4a49-90ef-433ecbcdec10 HTTP/1.1" 200 321
2026-08-01 00:07:57,359 Starting new HTTP connection (1): localhost:8000
2026-08-01 00:07:57,370 http://localhost:8000 "GET /jobs/1d978512-8a8b-4a49-90ef-433ecbcdec10 HTTP/1.1" 200 321
2026-08-01 00:08:00,374 Starting new HTTP connection (1): localhost:8000
2026-08-01 00:08:00,388 http://localhost:8000 "GET /jobs/1d978512-8a8b-4a49-90ef-433ecbcdec10 HTTP/1.1" 200 321
2026-08-01 00:08:03,392 Starting new HTTP connection (1): localhost:8000
2026-08-01 00:08:03,407 http://localhost:8000 "GET /jobs/1d978512-8a8b-4a49-90ef-433ecbcdec10 HTTP/1.1" 200 321
2026-08-01 00:08:06,411 Starting new HTTP connection (1): localhost:8000
2026-08-01 00:08:06,425 http://localhost:8000 "GET /jobs/1d978512-8a8b-4a49-90ef-433ecbcdec10 HTTP/1.1" 200 321
2026-08-01 00:08:09,429 Starting new HTTP connection (1): localhost:8000
2026-08-01 00:08:09,536 http://localhost:8000 "GET /jobs/1d978512-8a8b-4a49-90ef-433ecbcdec10 HTTP/1.1" 200 321
2026-08-01 00:08:12,544 Starting new HTTP connection (1): localhost:8000
2026-08-01 00:08:12,564 http://localhost:8000 "GET /jobs/1d978512-8a8b-4a49-90ef-433ecbcdec10 HTTP/1.1" 200 321
2026-08-01 00:08:15,571 Starting new HTTP connection (1): localhost:8000
2026-08-01 00:08:15,585 http://localhost:8000 "GET /jobs/1d978512-8a8b-4a49-90ef-433ecbcdec10 HTTP/1.1" 200 321
2026-08-01 00:08:18,590 Starting new HTTP connection (1): localhost:8000
2026-08-01 00:08:18,609 http://localhost:8000 "GET /jobs/1d978512-8a8b-4a49-90ef-433ecbcdec10 HTTP/1.1" 200 321
2026-08-01 00:08:21,614 Starting new HTTP connection (1): localhost:8000
2026-08-01 00:08:21,630 http://localhost:8000 "GET /jobs/1d978512-8a8b-4a49-90ef-433ecbcdec10 HTTP/1.1" 200 321
2026-08-01 00:08:24,635 Starting new HTTP connection (1): localhost:8000
2026-08-01 00:08:24,645 http://localhost:8000 "GET /jobs/1d978512-8a8b-4a49-90ef-433ecbcdec10 HTTP/1.1" 200 321
2026-08-01 00:08:27,649 Starting new HTTP connection (1): localhost:8000
2026-08-01 00:08:27,658 http://localhost:8000 "GET /jobs/1d978512-8a8b-4a49-90ef-433ecbcdec10 HTTP/1.1" 200 321
2026-08-01 00:08:30,667 Starting new HTTP connection (1): localhost:8000
2026-08-01 00:08:30,700 http://localhost:8000 "GET /jobs/1d978512-8a8b-4a49-90ef-433ecbcdec10 HTTP/1.1" 200 321
2026-08-01 00:08:33,707 Starting new HTTP connection (1): localhost:8000
2026-08-01 00:08:33,721 http://localhost:8000 "GET /jobs/1d978512-8a8b-4a49-90ef-433ecbcdec10 HTTP/1.1" 200 321
2026-08-01 00:08:36,726 Starting new HTTP connection (1): localhost:8000
2026-08-01 00:08:36,744 http://localhost:8000 "GET /jobs/1d978512-8a8b-4a49-90ef-433ecbcdec10 HTTP/1.1" 200 321
2026-08-01 00:08:39,750 Starting new HTTP connection (1): localhost:8000
2026-08-01 00:08:39,763 http://localhost:8000 "GET /jobs/1d978512-8a8b-4a49-90ef-433ecbcdec10 HTTP/1.1" 200 321
2026-08-01 00:08:42,772 Starting new HTTP connection (1): localhost:8000
2026-08-01 00:08:42,783 http://localhost:8000 "GET /jobs/1d978512-8a8b-4a49-90ef-433ecbcdec10 HTTP/1.1" 200 321
2026-08-01 00:08:45,788 Starting new HTTP connection (1): localhost:8000
2026-08-01 00:08:45,797 http://localhost:8000 "GET /jobs/1d978512-8a8b-4a49-90ef-433ecbcdec10 HTTP/1.1" 200 321
2026-08-01 00:08:48,801 Starting new HTTP connection (1): localhost:8000
2026-08-01 00:08:48,810 http://localhost:8000 "GET /jobs/1d978512-8a8b-4a49-90ef-433ecbcdec10 HTTP/1.1" 200 321
2026-08-01 00:08:51,815 Starting new HTTP connection (1): localhost:8000
2026-08-01 00:08:51,830 http://localhost:8000 "GET /jobs/1d978512-8a8b-4a49-90ef-433ecbcdec10 HTTP/1.1" 200 321
2026-08-01 00:08:54,836 Starting new HTTP connection (1): localhost:8000
2026-08-01 00:08:54,861 http://localhost:8000 "GET /jobs/1d978512-8a8b-4a49-90ef-433ecbcdec10 HTTP/1.1" 200 321
2026-08-01 00:08:57,867 Starting new HTTP connection (1): localhost:8000
2026-08-01 00:08:57,885 http://localhost:8000 "GET /jobs/1d978512-8a8b-4a49-90ef-433ecbcdec10 HTTP/1.1" 200 321
2026-08-01 00:09:00,891 Starting new HTTP connection (1): localhost:8000
2026-08-01 00:09:00,905 http://localhost:8000 "GET /jobs/1d978512-8a8b-4a49-90ef-433ecbcdec10 HTTP/1.1" 200 321
2026-08-01 00:09:03,911 Starting new HTTP connection (1): localhost:8000
2026-08-01 00:09:03,926 http://localhost:8000 "GET /jobs/1d978512-8a8b-4a49-90ef-433ecbcdec10 HTTP/1.1" 200 321
2026-08-01 00:09:06,931 Starting new HTTP connection (1): localhost:8000
2026-08-01 00:09:06,965 http://localhost:8000 "GET /jobs/1d978512-8a8b-4a49-90ef-433ecbcdec10 HTTP/1.1" 200 321
2026-08-01 00:09:09,972 Starting new HTTP connection (1): localhost:8000
2026-08-01 00:09:09,991 http://localhost:8000 "GET /jobs/1d978512-8a8b-4a49-90ef-433ecbcdec10 HTTP/1.1" 200 321
2026-08-01 00:09:12,996 Starting new HTTP connection (1): localhost:8000
2026-08-01 00:09:13,013 http://localhost:8000 "GET /jobs/1d978512-8a8b-4a49-90ef-433ecbcdec10 HTTP/1.1" 200 321
2026-08-01 00:09:16,017 Starting new HTTP connection (1): localhost:8000
2026-08-01 00:09:16,038 http://localhost:8000 "GET /jobs/1d978512-8a8b-4a49-90ef-433ecbcdec10 HTTP/1.1" 200 321
2026-08-01 00:09:19,041 Starting new HTTP connection (1): localhost:8000
2026-08-01 00:09:19,056 http://localhost:8000 "GET /jobs/1d978512-8a8b-4a49-90ef-433ecbcdec10 HTTP/1.1" 200 321
2026-08-01 00:09:22,062 Starting new HTTP connection (1): localhost:8000
2026-08-01 00:09:22,086 http://localhost:8000 "GET /jobs/1d978512-8a8b-4a49-90ef-433ecbcdec10 HTTP/1.1" 200 321
2026-08-01 00:09:25,122 Starting new HTTP connection (1): localhost:8000
2026-08-01 00:09:25,132 http://localhost:8000 "GET /jobs/1d978512-8a8b-4a49-90ef-433ecbcdec10 HTTP/1.1" 200 321
2026-08-01 00:09:28,137 Starting new HTTP connection (1): localhost:8000
2026-08-01 00:09:28,155 http://localhost:8000 "GET /jobs/1d978512-8a8b-4a49-90ef-433ecbcdec10 HTTP/1.1" 200 321
2026-08-01 00:09:31,162 Starting new HTTP connection (1): localhost:8000
2026-08-01 00:09:31,175 http://localhost:8000 "GET /jobs/1d978512-8a8b-4a49-90ef-433ecbcdec10 HTTP/1.1" 200 321
2026-08-01 00:09:34,179 Starting new HTTP connection (1): localhost:8000
2026-08-01 00:09:34,188 http://localhost:8000 "GET /jobs/1d978512-8a8b-4a49-90ef-433ecbcdec10 HTTP/1.1" 200 321
2026-08-01 00:09:37,193 Starting new HTTP connection (1): localhost:8000
2026-08-01 00:09:37,209 http://localhost:8000 "GET /jobs/1d978512-8a8b-4a49-90ef-433ecbcdec10 HTTP/1.1" 200 321
2026-08-01 00:09:40,215 Starting new HTTP connection (1): localhost:8000
2026-08-01 00:09:40,229 http://localhost:8000 "GET /jobs/1d978512-8a8b-4a49-90ef-433ecbcdec10 HTTP/1.1" 200 321
2026-08-01 00:09:43,234 Starting new HTTP connection (1): localhost:8000
2026-08-01 00:09:43,258 http://localhost:8000 "GET /jobs/1d978512-8a8b-4a49-90ef-433ecbcdec10 HTTP/1.1" 200 321
2026-08-01 00:09:46,263 Starting new HTTP connection (1): localhost:8000
2026-08-01 00:09:46,280 http://localhost:8000 "GET /jobs/1d978512-8a8b-4a49-90ef-433ecbcdec10 HTTP/1.1" 200 321
2026-08-01 00:09:49,284 Starting new HTTP connection (1): localhost:8000
2026-08-01 00:09:49,297 http://localhost:8000 "GET /jobs/1d978512-8a8b-4a49-90ef-433ecbcdec10 HTTP/1.1" 200 321
2026-08-01 00:09:52,301 Starting new HTTP connection (1): localhost:8000
2026-08-01 00:09:52,313 http://localhost:8000 "GET /jobs/1d978512-8a8b-4a49-90ef-433ecbcdec10 HTTP/1.1" 200 321
2026-08-01 00:09:55,320 Starting new HTTP connection (1): localhost:8000
2026-08-01 00:09:55,342 http://localhost:8000 "GET /jobs/1d978512-8a8b-4a49-90ef-433ecbcdec10 HTTP/1.1" 200 321
2026-08-01 00:09:58,358 Starting new HTTP connection (1): localhost:8000
2026-08-01 00:09:58,376 http://localhost:8000 "GET /jobs/1d978512-8a8b-4a49-90ef-433ecbcdec10 HTTP/1.1" 200 321
2026-08-01 00:10:01,382 Starting new HTTP connection (1): localhost:8000
2026-08-01 00:10:01,401 http://localhost:8000 "GET /jobs/1d978512-8a8b-4a49-90ef-433ecbcdec10 HTTP/1.1" 200 321
2026-08-01 00:10:04,407 Starting new HTTP connection (1): localhost:8000
2026-08-01 00:10:04,427 http://localhost:8000 "GET /jobs/1d978512-8a8b-4a49-90ef-433ecbcdec10 HTTP/1.1" 200 321
2026-08-01 00:10:07,432 Starting new HTTP connection (1): localhost:8000
2026-08-01 00:10:07,452 http://localhost:8000 "GET /jobs/1d978512-8a8b-4a49-90ef-433ecbcdec10 HTTP/1.1" 200 321
2026-08-01 00:10:10,458 Starting new HTTP connection (1): localhost:8000
2026-08-01 00:10:10,481 http://localhost:8000 "GET /jobs/1d978512-8a8b-4a49-90ef-433ecbcdec10 HTTP/1.1" 200 321
2026-08-01 00:10:13,486 Starting new HTTP connection (1): localhost:8000
2026-08-01 00:10:13,496 http://localhost:8000 "GET /jobs/1d978512-8a8b-4a49-90ef-433ecbcdec10 HTTP/1.1" 200 321
2026-08-01 00:10:16,499 Starting new HTTP connection (1): localhost:8000
2026-08-01 00:10:16,515 http://localhost:8000 "GET /jobs/1d978512-8a8b-4a49-90ef-433ecbcdec10 HTTP/1.1" 200 321
2026-08-01 00:10:19,519 Starting new HTTP connection (1): localhost:8000
2026-08-01 00:10:19,547 http://localhost:8000 "GET /jobs/1d978512-8a8b-4a49-90ef-433ecbcdec10 HTTP/1.1" 200 321
2026-08-01 00:10:22,552 Starting new HTTP connection (1): localhost:8000
2026-08-01 00:10:22,568 http://localhost:8000 "GET /jobs/1d978512-8a8b-4a49-90ef-433ecbcdec10 HTTP/1.1" 200 321
2026-08-01 00:10:25,572 Starting new HTTP connection (1): localhost:8000
2026-08-01 00:10:25,581 http://localhost:8000 "GET /jobs/1d978512-8a8b-4a49-90ef-433ecbcdec10 HTTP/1.1" 200 321
2026-08-01 00:10:28,586 Starting new HTTP connection (1): localhost:8000
2026-08-01 00:10:28,595 http://localhost:8000 "GET /jobs/1d978512-8a8b-4a49-90ef-433ecbcdec10 HTTP/1.1" 200 321
2026-08-01 00:10:31,609 Starting new HTTP connection (1): localhost:8000
2026-08-01 00:10:31,617 http://localhost:8000 "GET /jobs/1d978512-8a8b-4a49-90ef-433ecbcdec10 HTTP/1.1" 200 321
2026-08-01 00:10:34,622 Starting new HTTP connection (1): localhost:8000
2026-08-01 00:10:34,631 http://localhost:8000 "GET /jobs/1d978512-8a8b-4a49-90ef-433ecbcdec10 HTTP/1.1" 200 321
2026-08-01 00:10:37,647 Starting new HTTP connection (1): localhost:8000
2026-08-01 00:10:37,655 http://localhost:8000 "GET /jobs/1d978512-8a8b-4a49-90ef-433ecbcdec10 HTTP/1.1" 200 321
2026-08-01 00:10:40,660 Starting new HTTP connection (1): localhost:8000
2026-08-01 00:10:40,669 http://localhost:8000 "GET /jobs/1d978512-8a8b-4a49-90ef-433ecbcdec10 HTTP/1.1" 200 321
2026-08-01 00:10:43,673 Starting new HTTP connection (1): localhost:8000
2026-08-01 00:10:43,688 http://localhost:8000 "GET /jobs/1d978512-8a8b-4a49-90ef-433ecbcdec10 HTTP/1.1" 200 321
2026-08-01 00:10:46,693 Starting new HTTP connection (1): localhost:8000
2026-08-01 00:10:46,717 http://localhost:8000 "GET /jobs/1d978512-8a8b-4a49-90ef-433ecbcdec10 HTTP/1.1" 200 321
2026-08-01 00:10:49,721 Starting new HTTP connection (1): localhost:8000
2026-08-01 00:10:49,733 http://localhost:8000 "GET /jobs/1d978512-8a8b-4a49-90ef-433ecbcdec10 HTTP/1.1" 200 321
2026-08-01 00:10:52,739 Starting new HTTP connection (1): localhost:8000
2026-08-01 00:10:52,748 http://localhost:8000 "GET /jobs/1d978512-8a8b-4a49-90ef-433ecbcdec10 HTTP/1.1" 200 321
2026-08-01 00:10:55,753 Starting new HTTP connection (1): localhost:8000
2026-08-01 00:10:55,763 http://localhost:8000 "GET /jobs/1d978512-8a8b-4a49-90ef-433ecbcdec10 HTTP/1.1" 200 321
2026-08-01 00:10:58,768 Starting new HTTP connection (1): localhost:8000
2026-08-01 00:10:58,784 http://localhost:8000 "GET /jobs/1d978512-8a8b-4a49-90ef-433ecbcdec10 HTTP/1.1" 200 321
2026-08-01 00:11:01,788 Starting new HTTP connection (1): localhost:8000
2026-08-01 00:11:01,813 http://localhost:8000 "GET /jobs/1d978512-8a8b-4a49-90ef-433ecbcdec10 HTTP/1.1" 200 321
2026-08-01 00:11:04,818 Starting new HTTP connection (1): localhost:8000
2026-08-01 00:11:04,826 http://localhost:8000 "GET /jobs/1d978512-8a8b-4a49-90ef-433ecbcdec10 HTTP/1.1" 200 321
2026-08-01 00:11:07,830 Starting new HTTP connection (1): localhost:8000
2026-08-01 00:11:07,838 http://localhost:8000 "GET /jobs/1d978512-8a8b-4a49-90ef-433ecbcdec10 HTTP/1.1" 200 321
2026-08-01 00:11:10,844 Starting new HTTP connection (1): localhost:8000
2026-08-01 00:11:10,859 http://localhost:8000 "GET /jobs/1d978512-8a8b-4a49-90ef-433ecbcdec10 HTTP/1.1" 200 321
2026-08-01 00:11:13,865 Starting new HTTP connection (1): localhost:8000
2026-08-01 00:11:13,875 http://localhost:8000 "GET /jobs/1d978512-8a8b-4a49-90ef-433ecbcdec10 HTTP/1.1" 200 321
2026-08-01 00:11:16,881 Starting new HTTP connection (1): localhost:8000
2026-08-01 00:11:16,898 http://localhost:8000 "GET /jobs/1d978512-8a8b-4a49-90ef-433ecbcdec10 HTTP/1.1" 200 321
2026-08-01 00:11:19,903 Starting new HTTP connection (1): localhost:8000
2026-08-01 00:11:19,911 http://localhost:8000 "GET /jobs/1d978512-8a8b-4a49-90ef-433ecbcdec10 HTTP/1.1" 200 321
2026-08-01 00:11:22,917 Starting new HTTP connection (1): localhost:8000
2026-08-01 00:11:22,926 http://localhost:8000 "GET /jobs/1d978512-8a8b-4a49-90ef-433ecbcdec10 HTTP/1.1" 200 321
2026-08-01 00:11:25,930 Starting new HTTP connection (1): localhost:8000
2026-08-01 00:11:25,952 http://localhost:8000 "GET /jobs/1d978512-8a8b-4a49-90ef-433ecbcdec10 HTTP/1.1" 200 321
2026-08-01 00:11:28,958 Starting new HTTP connection (1): localhost:8000
2026-08-01 00:11:28,966 http://localhost:8000 "GET /jobs/1d978512-8a8b-4a49-90ef-433ecbcdec10 HTTP/1.1" 200 321
2026-08-01 00:11:31,970 Starting new HTTP connection (1): localhost:8000
2026-08-01 00:11:31,979 http://localhost:8000 "GET /jobs/1d978512-8a8b-4a49-90ef-433ecbcdec10 HTTP/1.1" 200 321
2026-08-01 00:11:34,983 Starting new HTTP connection (1): localhost:8000
2026-08-01 00:11:35,000 http://localhost:8000 "GET /jobs/1d978512-8a8b-4a49-90ef-433ecbcdec10 HTTP/1.1" 200 321
2026-08-01 00:11:38,004 Starting new HTTP connection (1): localhost:8000
2026-08-01 00:11:38,016 http://localhost:8000 "GET /jobs/1d978512-8a8b-4a49-90ef-433ecbcdec10 HTTP/1.1" 200 321
2026-08-01 00:11:41,021 Starting new HTTP connection (1): localhost:8000
2026-08-01 00:11:41,029 http://localhost:8000 "GET /jobs/1d978512-8a8b-4a49-90ef-433ecbcdec10 HTTP/1.1" 200 321
2026-08-01 00:11:44,033 Starting new HTTP connection (1): localhost:8000
2026-08-01 00:11:44,042 http://localhost:8000 "GET /jobs/1d978512-8a8b-4a49-90ef-433ecbcdec10 HTTP/1.1" 200 321
2026-08-01 00:11:47,046 Starting new HTTP connection (1): localhost:8000
2026-08-01 00:11:47,058 http://localhost:8000 "GET /jobs/1d978512-8a8b-4a49-90ef-433ecbcdec10 HTTP/1.1" 200 321
2026-08-01 00:11:50,067 Starting new HTTP connection (1): localhost:8000
2026-08-01 00:11:50,075 http://localhost:8000 "GET /jobs/1d978512-8a8b-4a49-90ef-433ecbcdec10 HTTP/1.1" 200 321
2026-08-01 00:11:53,080 Starting new HTTP connection (1): localhost:8000
2026-08-01 00:11:53,093 http://localhost:8000 "GET /jobs/1d978512-8a8b-4a49-90ef-433ecbcdec10 HTTP/1.1" 200 321
2026-08-01 00:11:56,098 Starting new HTTP connection (1): localhost:8000
2026-08-01 00:11:56,117 http://localhost:8000 "GET /jobs/1d978512-8a8b-4a49-90ef-433ecbcdec10 HTTP/1.1" 200 321
2026-08-01 00:11:59,121 Starting new HTTP connection (1): localhost:8000
2026-08-01 00:11:59,131 http://localhost:8000 "GET /jobs/1d978512-8a8b-4a49-90ef-433ecbcdec10 HTTP/1.1" 200 321
2026-08-01 00:12:02,137 Starting new HTTP connection (1): localhost:8000
2026-08-01 00:12:02,145 http://localhost:8000 "GET /jobs/1d978512-8a8b-4a49-90ef-433ecbcdec10 HTTP/1.1" 200 321
2026-08-01 00:12:05,150 Starting new HTTP connection (1): localhost:8000
2026-08-01 00:12:05,158 http://localhost:8000 "GET /jobs/1d978512-8a8b-4a49-90ef-433ecbcdec10 HTTP/1.1" 200 321
2026-08-01 00:12:08,164 Starting new HTTP connection (1): localhost:8000
2026-08-01 00:12:08,172 http://localhost:8000 "GET /jobs/1d978512-8a8b-4a49-90ef-433ecbcdec10 HTTP/1.1" 200 321
2026-08-01 00:12:11,176 Starting new HTTP connection (1): localhost:8000
2026-08-01 00:12:11,185 http://localhost:8000 "GET /jobs/1d978512-8a8b-4a49-90ef-433ecbcdec10 HTTP/1.1" 200 321
2026-08-01 00:12:14,188 Starting new HTTP connection (1): localhost:8000
2026-08-01 00:12:14,197 http://localhost:8000 "GET /jobs/1d978512-8a8b-4a49-90ef-433ecbcdec10 HTTP/1.1" 200 321
2026-08-01 00:12:17,201 Starting new HTTP connection (1): localhost:8000
2026-08-01 00:12:17,209 http://localhost:8000 "GET /jobs/1d978512-8a8b-4a49-90ef-433ecbcdec10 HTTP/1.1" 200 321
2026-08-01 00:12:20,215 Starting new HTTP connection (1): localhost:8000
2026-08-01 00:12:20,224 http://localhost:8000 "GET /jobs/1d978512-8a8b-4a49-90ef-433ecbcdec10 HTTP/1.1" 200 321
2026-08-01 00:12:23,229 Starting new HTTP connection (1): localhost:8000
2026-08-01 00:12:23,237 http://localhost:8000 "GET /jobs/1d978512-8a8b-4a49-90ef-433ecbcdec10 HTTP/1.1" 200 321
2026-08-01 00:12:26,242 Starting new HTTP connection (1): localhost:8000
2026-08-01 00:12:26,250 http://localhost:8000 "GET /jobs/1d978512-8a8b-4a49-90ef-433ecbcdec10 HTTP/1.1" 200 321
2026-08-01 00:12:29,254 Starting new HTTP connection (1): localhost:8000
2026-08-01 00:12:29,262 http://localhost:8000 "GET /jobs/1d978512-8a8b-4a49-90ef-433ecbcdec10 HTTP/1.1" 200 321
2026-08-01 00:12:32,266 Starting new HTTP connection (1): localhost:8000
2026-08-01 00:12:32,273 http://localhost:8000 "GET /jobs/1d978512-8a8b-4a49-90ef-433ecbcdec10 HTTP/1.1" 200 321
2026-08-01 00:12:35,279 Starting new HTTP connection (1): localhost:8000
2026-08-01 00:12:35,289 http://localhost:8000 "GET /jobs/1d978512-8a8b-4a49-90ef-433ecbcdec10 HTTP/1.1" 200 321
2026-08-01 00:12:38,294 Starting new HTTP connection (1): localhost:8000
2026-08-01 00:12:38,303 http://localhost:8000 "GET /jobs/1d978512-8a8b-4a49-90ef-433ecbcdec10 HTTP/1.1" 200 321
2026-08-01 00:12:41,307 Starting new HTTP connection (1): localhost:8000
2026-08-01 00:12:41,316 http://localhost:8000 "GET /jobs/1d978512-8a8b-4a49-90ef-433ecbcdec10 HTTP/1.1" 200 321
2026-08-01 00:12:44,322 Starting new HTTP connection (1): localhost:8000
2026-08-01 00:12:44,332 http://localhost:8000 "GET /jobs/1d978512-8a8b-4a49-90ef-433ecbcdec10 HTTP/1.1" 200 321
2026-08-01 00:12:47,337 Starting new HTTP connection (1): localhost:8000
2026-08-01 00:12:47,344 http://localhost:8000 "GET /jobs/1d978512-8a8b-4a49-90ef-433ecbcdec10 HTTP/1.1" 200 321
2026-08-01 00:12:50,349 Starting new HTTP connection (1): localhost:8000
2026-08-01 00:12:50,356 http://localhost:8000 "GET /jobs/1d978512-8a8b-4a49-90ef-433ecbcdec10 HTTP/1.1" 200 321
2026-08-01 00:12:53,362 Starting new HTTP connection (1): localhost:8000
2026-08-01 00:12:53,370 http://localhost:8000 "GET /jobs/1d978512-8a8b-4a49-90ef-433ecbcdec10 HTTP/1.1" 200 321
2026-08-01 00:12:56,374 Starting new HTTP connection (1): localhost:8000
2026-08-01 00:12:56,381 http://localhost:8000 "GET /jobs/1d978512-8a8b-4a49-90ef-433ecbcdec10 HTTP/1.1" 200 321
2026-08-01 00:12:59,386 Starting new HTTP connection (1): localhost:8000
2026-08-01 00:12:59,394 http://localhost:8000 "GET /jobs/1d978512-8a8b-4a49-90ef-433ecbcdec10 HTTP/1.1" 200 321
2026-08-01 00:13:02,400 Starting new HTTP connection (1): localhost:8000
2026-08-01 00:13:02,407 http://localhost:8000 "GET /jobs/1d978512-8a8b-4a49-90ef-433ecbcdec10 HTTP/1.1" 200 321
2026-08-01 00:13:05,412 Starting new HTTP connection (1): localhost:8000
2026-08-01 00:13:05,421 http://localhost:8000 "GET /jobs/1d978512-8a8b-4a49-90ef-433ecbcdec10 HTTP/1.1" 200 321
2026-08-01 00:13:08,426 Starting new HTTP connection (1): localhost:8000
2026-08-01 00:13:08,442 http://localhost:8000 "GET /jobs/1d978512-8a8b-4a49-90ef-433ecbcdec10 HTTP/1.1" 200 321
2026-08-01 00:13:11,447 Starting new HTTP connection (1): localhost:8000
2026-08-01 00:13:11,458 http://localhost:8000 "GET /jobs/1d978512-8a8b-4a49-90ef-433ecbcdec10 HTTP/1.1" 200 321
2026-08-01 00:13:14,460 Starting new HTTP connection (1): localhost:8000
2026-08-01 00:13:14,469 http://localhost:8000 "GET /jobs/1d978512-8a8b-4a49-90ef-433ecbcdec10 HTTP/1.1" 200 321
2026-08-01 00:13:17,476 Starting new HTTP connection (1): localhost:8000
2026-08-01 00:13:17,484 http://localhost:8000 "GET /jobs/1d978512-8a8b-4a49-90ef-433ecbcdec10 HTTP/1.1" 200 321
2026-08-01 00:13:20,486 Starting new HTTP connection (1): localhost:8000
2026-08-01 00:13:20,500 http://localhost:8000 "GET /jobs/1d978512-8a8b-4a49-90ef-433ecbcdec10 HTTP/1.1" 200 321
2026-08-01 00:13:23,505 Starting new HTTP connection (1): localhost:8000
2026-08-01 00:13:23,513 http://localhost:8000 "GET /jobs/1d978512-8a8b-4a49-90ef-433ecbcdec10 HTTP/1.1" 200 321
2026-08-01 00:13:26,518 Starting new HTTP connection (1): localhost:8000
2026-08-01 00:13:26,526 http://localhost:8000 "GET /jobs/1d978512-8a8b-4a49-90ef-433ecbcdec10 HTTP/1.1" 200 321
2026-08-01 00:13:29,530 Starting new HTTP connection (1): localhost:8000
2026-08-01 00:13:29,538 http://localhost:8000 "GET /jobs/1d978512-8a8b-4a49-90ef-433ecbcdec10 HTTP/1.1" 200 321
2026-08-01 00:13:32,543 Starting new HTTP connection (1): localhost:8000
2026-08-01 00:13:32,553 http://localhost:8000 "GET /jobs/1d978512-8a8b-4a49-90ef-433ecbcdec10 HTTP/1.1" 200 321
2026-08-01 00:13:35,557 Starting new HTTP connection (1): localhost:8000
2026-08-01 00:13:35,566 http://localhost:8000 "GET /jobs/1d978512-8a8b-4a49-90ef-433ecbcdec10 HTTP/1.1" 200 35194
